sku,group_id,name,url,price,in_stock,image_url,categories,keywords,description,dy_display_price,life_stage,product_type,type:number:annual_fee,type:number:cashback_percent,type:number:interest_rate,type:number:max_amount,type:number:min_amount,type:number:risk_level,type:number:term_months,brand,tagline,long_description,segment,tier,badge,rate_type,liquidity,fee_summary,regulatory_note,faq,type:array:features,type:array:eligibility,type:array:perks,type:array:personas,type:array:goals,type:array:related_skus,type:number:monthly_fee,type:number:aer,type:number:expected_return_min,type:number:expected_return_max,type:number:annual_fee_pct,type:number:transaction_fee_pct,type:number:fx_fee_pct,type:number:cashback_monthly_cap,type:number:min_term_months,type:number:notice_days,type:number:min_age,type:number:min_income,type:number:customer_rating,type:number:review_count,type:number:popularity_score,type:date:launched_at
ACC-EVERY-001,GRP-ACC-EVERY,Everyday Current Account,https://banking-demo-five.vercel.app/products/accounts/everyday-account,0,true,https://banking-demo-five.vercel.app/images/products/everyday-account.png,Accounts|Everyday|Everyday Current Account,current account|checking account|everyday account|bank account|debit card|free account|no fees|IBAN|open an account|salary account|instant payments|budgeting,"A free everyday current account with a debit card, instant payments, no FX fees on card spending and smart budgeting built in.",€0/month,all,Current Account,0,0,0,0,0,1,0,NexaBank,"The account that runs your everyday money — free, fast and fee-free abroad.","The Everyday Current Account is the heart of NexaBank. You get an IBAN in minutes, a contactless debit card with no FX fees on card payments, instant transfers to anyone, salary and bill management with spending categories, and a real-time view of everything in the app. There is no monthly fee and no minimum balance — it stays free whatever you do with it.",personal,free,No monthly fee,none,instant,€0 monthly fee · 0% FX on card payments,"Deposits protected up to €100,000 per depositor by the EU Deposit Guarantee Scheme.","Is it really free? => Yes — no monthly fee, no minimum balance, no card fee. Optional services such as express card delivery are priced separately. || How quickly can I open it? => Most customers have an IBAN within ten minutes of scanning their ID in the app. || Can I get my salary paid in? => Yes — share your IBAN with your employer, and the salary sorter can split it into bills, savings and spending automatically.","Contactless debit card with Apple Pay and Google Pay|0% FX markup on card payments in 150+ currencies|Instant SEPA transfers and payment requests|Automatic spending categories, budgets and bill reminders|Round-Up Savings Pots and salary sorter included",Aged 18 or over and EU resident|Valid government-issued ID|Proof of address|One Everyday Current Account per person,"No monthly fee, no minimum balance|Debit card with no FX fees on card payments|Instant transfers, 24/7|Spending categories and budgets|Open in minutes with your ID",all,spend|save,SAV-INST-001|CARD-START-001|CASH-REW-001,0,0,0,0,0,0,0,0,0,0,18,0,4.7,12480,98,2026-07-01T00:00:00
ACC-JOINT-001,GRP-ACC-JOINT,Joint Account,https://banking-demo-five.vercel.app/products/accounts/joint-account,0,true,https://banking-demo-five.vercel.app/images/products/joint-account.png,Accounts|Joint|Joint Account,joint account|shared account|couple account|household bills|split expenses|married|partner|family budget|shared finances|rent and bills,"A free shared current account for couples and households — two debit cards, shared bills, split expenses and one clear view.",€0/month,family,Joint Account,0,0,0,0,0,1,0,NexaBank,"Run the household together — one account, two cards, zero arguments.","The Joint Account gives two people one shared pot for rent, bills and family spending, each with their own debit card and app access. Set shared budgets, see who spent what, and move money between personal and joint accounts instantly. Both holders have equal rights, and either can add the account to a savings goal such as a house deposit or a family holiday.",personal,free,"Two cards, one account",none,instant,€0 monthly fee · 0% FX on card payments,"Deposits protected up to €100,000 per depositor by the EU Deposit Guarantee Scheme.","Do both of us need to be NexaBank customers? => Yes — each holder needs their own Everyday Current Account, which is free and takes minutes. || What happens if we separate? => Either holder can freeze the account; closing it requires both holders or a court instruction. || Can we have a joint savings pot? => Yes — create shared Round-Up Pots or a Notice Account from the joint account.","Equal access for both account holders|Two contactless debit cards with 0% FX markup|Shared spending categories, budgets and bill calendar|Split-the-bill and settle-up between holders|Shared savings goals linked to Round-Up Pots",Both holders aged 18 or over and EU resident|Both holders hold or open an Everyday Current Account|Valid ID and proof of address for both|One Joint Account per pair of holders,"Two debit cards, both fee-free abroad|Shared budgets and bill tracking|Split any expense in one tap|Instant moves from personal accounts|No monthly fee",family,family|spend|save,SAV-NOT-001|INS-LIFE-001|ACC-KIDS-001,0,0,0,0,0,0,0,0,0,0,18,0,4.8,3120,80,2026-07-01T00:00:00
ACC-STU-001,GRP-ACC-STU,Student Account,https://banking-demo-five.vercel.app/products/accounts/student-account,0,true,https://banking-demo-five.vercel.app/images/products/student-account.png,Accounts|Student|Student Account,student account|student bank account|university|overdraft|interest-free overdraft|student discounts|erasmus|year abroad|first bank account|freshers,"A free current account for students aged 18 to 25 with a €500 interest-free overdraft, no FX fees and student discounts built in.",€0/month,student,Student Account,0,0,0,500,0,1,0,NexaBank,"Built for student life — free, flexible, and forgiving at the end of the month.","The Student Account is the Everyday Current Account tuned for studying: a €500 interest-free arranged overdraft for the tight weeks, no FX fees on the year abroad, and partner discounts on transport, food delivery and software. It stays a Student Account while you are enrolled and converts to an Everyday account with a graduate overdraft period when you finish.",personal,free,Interest-free overdraft,none,instant,€0 monthly fee · €500 interest-free overdraft,"Deposits protected up to €100,000 per depositor by the EU Deposit Guarantee Scheme.","Is the overdraft really interest-free? => Yes, up to €500 while you are a student and for 12 months after you graduate. || Can I use it abroad? => Yes — no FX fees on card payments and two free ATM withdrawals a month anywhere in the world. || What happens when I graduate? => The account becomes an Everyday Current Account; the interest-free overdraft continues for 12 months.","€500 interest-free arranged overdraft from day one|Contactless debit card with 0% FX markup|Student partner discounts on transport, food and software|Budgeting tools tuned to term-time and loan instalments|Graduate transition with a further 12 months of free overdraft",Aged 18 to 25|Enrolled in an accredited university or institution|EU resident with valid ID|Proof of enrolment uploaded annually,€500 interest-free arranged overdraft|No monthly fee|0% FX fees for your year abroad|Student discounts at partner brands|Converts to a graduate account when you finish,student,spend|education|build_credit,LOAN-STU-001|CARD-START-001|SAV-ROUND-001,0,0,0,0,0,0,0,0,0,0,18,0,4.8,2210,75,2026-07-01T00:00:00
ACC-KIDS-001,GRP-ACC-KIDS,NexaKids Account,https://banking-demo-five.vercel.app/products/accounts/nexakids-account,0,true,https://banking-demo-five.vercel.app/images/products/nexakids-account.png,Accounts|Kids|NexaKids,kids account|children's bank account|pocket money|kids debit card|parental controls|chores|first bank account for kids|allowance|money lessons|under 12,"A free pocket-money account for children aged 6 to 12 with a parent-controlled debit card, chores and savings goals in a kid-friendly app.",€0/month,kids_teens,Kids Account,0,0,0,0,0,1,0,NexaBank,Their first money lessons — with you in control of every setting.,"NexaKids is a pocket-money account for children aged 6 to 12. Parents set the allowance, approve or block merchant categories, and see every payment in real time; children get a colourful card and their own app view with chores, savings goals and 2% interest to watch their balance grow. No fees, no overdraft, and the card only works where you allow it.",kids,free,Ages 6–12,none,instant,€0 monthly fee · no overdraft,"Deposits protected up to €100,000 per depositor by the EU Deposit Guarantee Scheme.","Can my child spend online? => Only if you enable it — online payments and specific merchant categories are switched on or off by the parent. || Can grandparents send money? => Yes, via a gift link that goes straight into the child's savings goal. || What happens at 13? => NexaKids upgrades to NexaTeen automatically, with more independence and the same parental oversight.",Debit card with parental spending limits and category blocks|Automatic pocket money on the day you choose|Chores and rewards the child completes in their app|Savings goals earning 2.0% AER|Real-time notifications to the parent for every payment,Child aged 6 to 12|Parent or legal guardian holds an active NexaBank current account|Child's identity document provided at opening|One NexaKids Account per child,"Parent-controlled debit card|Scheduled pocket money and chore rewards|Savings goals with 2% interest|Block merchant categories instantly|No fees, no overdraft",kids_teens|family,kids|family|save,SAV-JUN-001|ACC-TEEN-001|ACC-JOINT-001,0,2,0,0,0,0,0,0,0,0,6,0,4.9,640,58,2026-08-01T00:00:00
ACC-TEEN-001,GRP-ACC-TEEN,NexaTeen Account,https://banking-demo-five.vercel.app/products/accounts/nexateen-account,0,true,https://banking-demo-five.vercel.app/images/products/nexateen-account.png,Accounts|Teens|NexaTeen,teen account|teenager bank account|youth account|debit card for teens|first job|part-time wages|parental oversight|13 to 17|under 18 banking|independence,"A free current account for teenagers aged 13 to 17 with their own debit card, budgeting tools and light-touch parental oversight.",€0/month,kids_teens,Teen Account,0,0,0,0,0,1,0,NexaBank,Independence with a safety net — banking that grows up with them.,"NexaTeen gives 13-to-17-year-olds a real current account: a contactless debit card that works online and abroad, budgeting tools, savings goals and a pay-in IBAN for part-time job wages. Parents see spending, can set limits and top up instantly, but teens run the day-to-day themselves. At 18 it becomes a Student or Everyday account without changing the IBAN.",kids,free,Ages 13–17,none,instant,€0 monthly fee · no overdraft,"Deposits protected up to €100,000 per depositor by the EU Deposit Guarantee Scheme.","Can a teen shop online? => Yes — online payments are on by default, with parent-set limits and no gambling or age-restricted merchants. || Is there an overdraft? => No. The card declines rather than going negative. || Does the parent see everything? => Parents see transactions and balances; the teen manages budgets and goals themselves.","Contactless debit card with online payments and 0% FX markup|Parental view with optional spending limits and instant top-ups|Budgeting, savings goals and 1.5% AER on savings|Salary pay-in for part-time work and apprenticeships|Seamless upgrade to a Student or Everyday account at 18",Teenager aged 13 to 17|Parent or legal guardian holds an active NexaBank current account|Teen's identity document provided at opening|One NexaTeen Account per teenager,"Own debit card, online and abroad|Parents see spending and can set limits|Budgets and savings goals|IBAN for part-time job wages|Keeps the same IBAN at 18",kids_teens|family,kids|spend|save,ACC-KIDS-001|SAV-JUN-001|ACC-STU-001,0,1.5,0,0,0,0,0,0,0,0,13,0,4.8,410,54,2026-08-01T00:00:00
CARD-START-001,GRP-CARD-START,NexaStart Card,https://banking-demo-five.vercel.app/products/credit-cards/nexa-start,0,true,https://banking-demo-five.vercel.app/images/products/nexa-start.png,Cards|Free|NexaStart,free card|no fee|student card|cashback|build credit|entry level|first credit card|no annual fee|beginner|credit score|starter card,Start your credit journey with no annual fee and 1% cashback on every purchase from day one.,€0/year,student,Credit Card,0,1,0,3000,0,1,0,NexaBank,Start your credit journey with no annual fee and real cashback from day one.,"NexaStart is built for first-time card holders and anyone rebuilding their credit history. There's no annual fee, no minimum income requirement, and you earn 1% cashback on every purchase from the moment your card arrives. Spending insights in the app help you stay on top of your balance and build healthy habits.",personal,free,,variable,na,€0 annual fee · 2.5% FX markup · 0% APR promotional rate,Credit subject to status. Representative APR varies by card and credit profile.,"Is there really no annual fee? => None — NexaStart is free for as long as you hold it. You only pay interest if you carry a balance. || Will this help my credit score? => Yes. Paying on time each month is reported to credit bureaus and builds your history. || What is the credit limit? => Up to €3,000, reviewed after six months of on-time payments.","No annual fee, ever|1% cashback on all purchases, paid monthly|Build or rebuild your credit score|Real-time spending insights in the NexaBank app|Apple Pay and Google Pay supported",Aged 18 or over and EU resident|Valid government-issued ID|Active NexaBank current account|No active bankruptcy proceedings,"No annual fee, ever|1% cashback on all purchases|Build your credit history|Spending insights in the app|Apple Pay & Google Pay",student|young_professional,build_credit|spend,ACC-STU-001|SAV-ROUND-001|CASH-REW-001,0,0,0,0,0,0,2.5,0,0,0,18,0,4.5,5120,84,2022-01-10T00:00:00
CARD-ESS-001,GRP-CARD-ESS,NexaEssential Card,https://banking-demo-five.vercel.app/products/credit-cards/nexa-essential,49,true,https://banking-demo-five.vercel.app/images/products/nexa-essential.png,Cards|Essential|NexaEssential,essential|everyday|basic travel|purchase protection|low fee|mid-tier card|everyday credit card|fraud protection|virtual card|contactless,"Everyday versatility with basic travel cover and purchase protection up to €1,000 per item.",€49/year,all,Credit Card,49,0.5,19.9,10000,0,1,0,NexaBank,Everyday versatility with travel cover and purchase protection built in.,"NexaEssential is the everyday card for people who want a reliable mid-tier credit card with the extras that matter: basic travel insurance, purchase protection up to €1,000, and round-the-clock fraud monitoring. A modest annual fee gets you a higher credit limit and more comprehensive cover than NexaStart.",personal,essential,,variable,na,€49 annual fee · 2% FX markup · 19.9% APR,Credit subject to status. Representative APR varies by card and credit profile.,"What does purchase protection cover? => Theft or accidental damage of items bought with the card, up to €1,000 per item, for 90 days. || Is the travel insurance enough for a holiday? => It covers the cardholder for medical emergencies and cancellations on short trips. Frequent travellers should look at NexaNomad. || Can I get a virtual card for online shopping? => Yes — generate single-use virtual card numbers in the app.","0.5% cashback on all purchases|Basic travel insurance included for cardholder|Purchase protection up to €1,000 per item|Contactless and virtual card numbers for online use|24/7 fraud monitoring with instant alerts","Aged 18 or over and EU resident|Minimum net monthly income of €2,000|Active NexaBank current account|Good credit history (no recent defaults)","0.5% cashback on all purchases|Basic travel insurance included|Purchase protection up to €1,000|Contactless & virtual card|Fraud monitoring 24/7",all|family,spend|protect,ACC-EVERY-001|CASH-REW-001|INS-TRAV-001,0,0,0,0,0,0,2,0,0,0,18,24000,4.4,3870,76,2022-01-10T00:00:00
CARD-NOM-001,GRP-CARD-NOM,NexaNomad Card,https://banking-demo-five.vercel.app/products/credit-cards/nexa-nomad,99,true,https://banking-demo-five.vercel.app/images/products/nexa-nomad.png,Cards|Travel|NexaNomad,travel|nomad|no fx fees|lounge access|travel insurance|global|abroad|holiday card|foreign transaction|digital nomad|expat|frequent flyer,Made for travellers — no FX fees worldwide and two complimentary airport lounge visits per year.,€99/year,young_professional,Credit Card,99,1.5,17.9,20000,0,1,0,NexaBank,"No FX fees, lounge access, and full travel cover — made for travellers.","NexaNomad removes the friction from international spending. There are no foreign transaction fees, ever, and you earn 1.5% cashback on every purchase whether at home or abroad. Two complimentary lounge visits per year and comprehensive travel and medical insurance round out a card designed for people who live across borders.",personal,travel,Most Popular,variable,na,€99 annual fee · 0% FX markup · 17.9% APR,Credit subject to status. Representative APR varies by card and credit profile.,"Are there really no FX fees? => None — we pass on the Mastercard exchange rate with 0% markup, in any currency, any day of the week. || How does lounge access work? => Two visits per year at 1,300+ lounges via the app's lounge pass. Extra visits are €30 each. || Is travel insurance included for my family? => The cardholder and travelling family members are covered when the trip is paid with the card.",1.5% cashback on all purchases|No foreign transaction fees worldwide|2 free airport lounge visits per year|Comprehensive travel and medical insurance|Emergency card replacement anywhere in the world,"Aged 18 or over and EU resident|Minimum net monthly income of €3,500|Active NexaBank current account|Excellent credit history",1.5% cashback on all purchases|No foreign transaction fees|2 free airport lounge visits/year|Comprehensive travel & medical insurance|Emergency card replacement worldwide,young_professional|family,travel|spend,INS-TRAV-001|SVC-FX-001|ACC-EVERY-001,0,0,0,0,0,0,0,0,0,0,18,42000,4.8,6430,96,2022-05-01T00:00:00
CARD-PRES-001,GRP-CARD-PRES,NexaPrestige Card,https://banking-demo-five.vercel.app/products/credit-cards/nexa-prestige,299,true,https://banking-demo-five.vercel.app/images/products/nexa-prestige.png,Cards|Premium|NexaPrestige,premium|prestige|concierge|black card|high net worth|maximum insurance|exclusive|metal card|luxury|unlimited lounge|lowest APR|priority support,Our most exclusive card — 24/7 concierge service and our highest cashback rate at 2%.,€299/year,pre_retirement,Credit Card,299,2,14.9,100000,0,1,0,NexaBank,"Our most exclusive card — concierge service, maximum cover, premium perks.","NexaPrestige is reserved for our most discerning clients. A dedicated 24/7 personal concierge, unlimited airport lounge access, our highest cashback rate, and the lowest APR in the range. Maximum insurance coverage means you can travel and spend with absolute confidence, knowing every detail is taken care of.",personal,premium,,variable,na,€299 annual fee · 0% FX markup · 14.9% APR,Credit subject to status. Representative APR varies by card and credit profile.,"What can the concierge do? => Restaurant and travel bookings, event tickets, gifts, itinerary changes — anything legal, any hour, in 12 languages. || Does the annual fee pay for itself? => At €15,000 of annual spend the 2% cashback alone covers the fee, before lounge access and insurance. || Is there a metal card? => Yes — NexaPrestige is issued in brushed titanium with a numberless face.","2% cashback on all purchases — our highest rate|24/7 personal concierge service for any request|Unlimited airport lounge access worldwide|Maximum insurance coverage on travel, purchases and rentals|Dedicated priority customer support line","Aged 25 or over and EU resident|Minimum net monthly income of €8,000|Active NexaBank current account|Excellent credit history and clean financial record",2% cashback on all purchases|24/7 personal concierge service|Unlimited airport lounge access|Maximum insurance coverage|Dedicated priority support line,pre_retirement|hnw,spend|travel,PB-REL-001|INV-FUND-001|INS-TRAV-001,0,0,0,0,0,0,0,0,0,0,25,96000,4.9,1215,61,2022-05-01T00:00:00
LOAN-REAL-001,GRP-LOAN-REAL,Real Estate Loan,https://banking-demo-five.vercel.app/products/loans/real-estate-loan,0,true,https://banking-demo-five.vercel.app/loans/real-estate-loan.jpg,Loans|Real Estate|Real Estate Loan,mortgage|real estate|property|home purchase|home loan|first buyer|first home|buy a house|buy an apartment|buy-to-let|fixed rate mortgage|loan to value,Your home journey starts here — competitive rates and long-term flexibility with terms up to 30 years.,from 3.9% APR,family,Real Estate Loan,0,0,3.9,3000000,50000,1,360,NexaBank,"Your home journey starts here — competitive rates, long-term flexibility.","From first-time buyers to seasoned investors, our Real Estate Loan offers competitive rates and the flexibility to match your project. Choose between fixed and variable rates, borrow up to 90% of the property value, and benefit from a free valuation included with every application.",personal,na,Up to 90% LTV,fixed,na,No arrangement fee · free valuation · no early repayment fee on variable rate,Credit subject to status and affordability checks. Representative APR shown; your rate may vary.,How much deposit do I need? => At least 10% of the property value. With a 10% deposit we lend up to 90% loan-to-value. || Fixed or variable — which should I choose? => Fixed gives you a known repayment for the fixed period; variable tracks the market and has no early repayment fee. A mortgage advisor walks you through both. || How long does approval take? => Most applications receive an agreement in principle within 48 hours once documents are uploaded in the app.,Fixed and variable rate options|Up to 90% loan-to-value|Free property valuation included|Dedicated mortgage advisor throughout the process|No early repayment fee on variable rate,"Aged 18 or over and EU resident|Minimum net monthly income of €2,500|Property located within the EU|Proof of deposit (minimum 10%)",,family|young_professional,home|borrow|family,INS-HOME-001|INS-LIFE-001|SVC-MORT-001,0,0,0,0,0,0,0,0,60,0,18,30000,4.7,2140,92,2022-03-01T00:00:00
LOAN-VEH-001,GRP-LOAN-VEH,Vehicle Financing,https://banking-demo-five.vercel.app/products/loans/car-loan,0,true,https://banking-demo-five.vercel.app/loans/car-loan.jpg,Loans|Vehicle|Vehicle Financing,car loan|vehicle|auto|financing|new car|used car|car finance|electric car|motorbike|buy a car|same day approval,"Drive away sooner with flexible financing for new and used cars up to €75,000.",from 5.5% APR,young_professional,Vehicle Financing,0,0,5.5,75000,3000,1,72,NexaBank,Drive away sooner with flexible financing for new and used cars.,"Whether you're buying new or used, our Vehicle Financing gives you the freedom to choose the car you want at a rate that works for you. Get a same-day approval decision, with no hidden fees and fixed monthly repayments across terms of up to 72 months.",personal,na,Same-day approval,fixed,na,No arrangement fee · no early repayment penalty,Credit subject to status and affordability checks. Representative APR shown; your rate may vary.,"Can I finance a used car? => Yes — new and used vehicles up to €75,000, including private sales with a valid purchase agreement. || Can I repay early? => Yes, at any time and without penalty. Interest stops the day you settle. || Do you need a deposit? => No deposit is required; many customers put one down to lower their monthly repayment.","Same-day approval decision|Finance new and used vehicles up to €75,000|No early repayment penalty|Fixed monthly payments for the full term|Dedicated loan advisor on request","Aged 18 or over and EU resident|Minimum net monthly income of €1,500|Valid driving licence|No recent adverse credit history",,young_professional|family,borrow|spend,INS-CAR-001|ACC-EVERY-001|CARD-ESS-001,0,0,0,0,0,0,0,0,12,0,18,18000,4.6,1385,78,2022-03-01T00:00:00
LOAN-SHORT-001,GRP-LOAN-SHORT,Short Term Loan,https://banking-demo-five.vercel.app/products/loans/short-term-loan,0,true,https://banking-demo-five.vercel.app/loans/short-term-loan.jpg,Loans|Short Term|Short Term Loan,short term|quick loan|emergency|fast cash|instant|unexpected expense|small loan|bridge|urgent money|no collateral,Fast funds when you need them — in your account within 24 hours of approval.,from 8.9% APR,all,Short Term Loan,0,0,8.9,10000,500,1,24,NexaBank,Fast funds when you need them — in your account within 24 hours.,"Life doesn't always wait. Our Short Term Loan puts money in your account within 24 hours of approval, with minimal paperwork and no collateral required. A straightforward repayment schedule means no surprises — just the funds you need, when you need them.",personal,na,Funds in 24h,fixed,na,No arrangement fee · no early repayment cost,Credit subject to status and affordability checks. Representative APR shown; your rate may vary.,"How fast will I get the money? => Within 24 hours of approval, paid straight into your NexaBank current account. || Is there a fee for paying it off early? => No. You can repay in full at any point at no additional cost. || What can I use it for? => Anything unexpected — a repair, a deposit, a bill — as long as it is not for business purposes.",Funds credited within 24 hours of approval|No collateral or guarantor required|Minimal documentation — apply entirely online|Flexible repayment schedule from 1 to 24 months|Early repayment at no additional cost,"Aged 18 or over and EU resident|Active NexaBank current account|Minimum net monthly income of €1,000|No active loan defaults",,all|young_professional,borrow,ACC-EVERY-001|SAV-INST-001|CARD-START-001,0,0,0,0,0,0,0,0,1,0,18,12000,4.4,3210,70,2022-03-01T00:00:00
LOAN-STU-001,GRP-LOAN-STU,Student Loan,https://banking-demo-five.vercel.app/products/loans/student-loan,0,true,https://banking-demo-five.vercel.app/loans/student-loan.jpg,Loans|Education|Student Loan,student loan|education|university|tuition|study|college|masters|erasmus|student finance|deferred repayment|graduate,Invest in your education — our lowest rate at 2.9% APR with deferred repayment until after graduation.,from 2.9% APR,student,Student Loan,0,0,2.9,25000,1000,1,120,NexaBank,"Invest in your education — our lowest rates, built for students.","Our Student Loan is designed to remove financial barriers to education. With our lowest available rate and the option to defer repayments until after you graduate, you can focus on your studies without the pressure of immediate repayments. Covers tuition fees, accommodation, and living expenses.",personal,na,Deferred repayment,fixed,na,No arrangement fee · no early repayment penalty,Credit subject to status and affordability checks. Representative APR shown; your rate may vary.,"When do repayments start? => Six months after you graduate or leave your course. Interest accrues during your studies but nothing is due. || Can I use it for living costs? => Yes — tuition, accommodation and everyday living expenses are all covered. || Do I need a guarantor? => Only if you are under 18, in which case a co-signatory is required.","Defer repayments until 6 months after graduation|Our lowest rate — from 2.9% APR|Covers tuition, accommodation and living costs|No early repayment penalty|Flexible repayment terms up to 10 years",Aged 17 or over and EU resident|Enrolled in an accredited university or institution|Co-signatory required for applicants under 18|Annual enrolment confirmation required,,student,education|borrow,ACC-STU-001|CARD-START-001|SAV-ROUND-001,0,0,0,0,0,0,0,0,12,0,17,0,4.8,960,64,2022-09-01T00:00:00
LOAN-RENO-001,GRP-LOAN-RENO,House Renovation Loan,https://banking-demo-five.vercel.app/products/loans/renovation-loan,0,true,https://banking-demo-five.vercel.app/loans/renovation-loan.jpg,Loans|Home Improvement|House Renovation Loan,renovation|home improvement|refurbishment|construction|interior|kitchen|bathroom|extension|remodel|home works|DIY,Transform your home — from a kitchen remodel to a full refurbishment with stage-release funding.,from 4.5% APR,family,House Renovation Loan,0,0,4.5,100000,5000,1,120,NexaBank,Transform your home — from kitchen to full refurbishment.,"Whether you're planning a kitchen remodel, a new bathroom, or a full home refurbishment, our House Renovation Loan gives you the funds to bring your project to life. Choose your own contractor, receive a decision within 48 hours, and benefit from stage-release funding on larger projects.",personal,na,Decision in 48h,fixed,na,No arrangement fee · no early repayment penalty,Credit subject to status and affordability checks. Representative APR shown; your rate may vary.,"What is stage-release funding? => For projects over €30,000 we release funds in stages as work completes, so you only pay interest on what has been drawn. || Do I have to use an approved contractor? => No. Choose any contractor you like; we only ask for a quote or invoice for larger releases. || Can renters apply? => The loan is for property owners. Renters looking to furnish a home may find the Short Term Loan more suitable.",No restriction on contractor choice|Stage-release funding available for larger projects|Decision within 48 hours|Fixed monthly payments throughout the term|No early repayment penalty,"Aged 18 or over and EU resident|Property owner within the EU|Minimum net monthly income of €1,800|Renovation project located within the EU",,family|pre_retirement,home|borrow,LOAN-GREEN-001|INS-HOME-001|LOAN-REAL-001,0,0,0,0,0,0,0,0,12,0,18,21600,4.6,742,58,2023-01-15T00:00:00
LOAN-GREEN-001,GRP-LOAN-GREEN,Green Home Energy Loan,https://banking-demo-five.vercel.app/products/loans/green-energy-loan,0,true,https://banking-demo-five.vercel.app/images/products/green-energy-loan.png,Loans|Green Energy|Green Home Energy Loan,green loan|solar panels|heat pump|insulation|energy efficiency|EV charger|eco renovation|lower energy bills|sustainable home|home battery|double glazing,"Discounted financing for solar panels, heat pumps, insulation and EV chargers — from 3.5% APR with no arrangement fee.",from 3.5% APR,family,Green Home Energy Loan,0,0,3.5,50000,2000,1,120,NexaBank,Make your home greener — and cheaper to run — at our lowest renovation rate.,"The Green Home Energy Loan finances upgrades that lower your energy bills: solar panels, heat pumps, insulation, triple glazing and home EV chargers. Because these projects reduce your running costs, we price it below our standard renovation loan and add no arrangement fee. Funds are released against installer quotes, and eligible projects can be combined with national energy grants.",personal,na,Lowest renovation rate,fixed,na,No arrangement fee · no early repayment penalty,Credit subject to status and affordability checks. Representative APR shown; your rate may vary.,"Which projects qualify? => Solar panels, heat pumps, insulation, glazing, home batteries and EV chargers installed by a certified installer. || Can I combine it with a government grant? => Yes. Many customers finance the balance after a grant; we can also bridge the grant if it is paid on completion. || How is it different from the renovation loan? => Same process, lower rate — because the works reduce your energy bills, we price the risk lower.","From 3.5% APR — our lowest home improvement rate|Borrow €2,000 to €50,000 over up to 10 years|Funds released against installer quotes|Works alongside national energy-efficiency grants|No arrangement fee and no early repayment penalty","Aged 18 or over and EU resident|Property owner within the EU|Minimum net monthly income of €1,500|Quote from a certified installer for the works","Rate 1% below our standard renovation loan|Covers solar, heat pumps, insulation and EV chargers|Combine with national and regional energy grants|Decision within 48 hours|No early repayment penalty",family|pre_retirement,home|borrow|save,LOAN-RENO-001|INS-HOME-001|INV-ESG-001,0,0,0,0,0,0,0,0,12,0,18,18000,4.8,188,55,2026-07-01T00:00:00
LOAN-CONS-001,GRP-LOAN-CONS,Debt Consolidation Loan,https://banking-demo-five.vercel.app/products/loans/debt-consolidation-loan,0,true,https://banking-demo-five.vercel.app/images/products/debt-consolidation-loan.png,Loans|Consolidation|Debt Consolidation Loan,debt consolidation|consolidate debt|refinance|pay off credit cards|one monthly payment|lower interest|overdraft|personal loan|debt free|budgeting,"Combine credit cards, overdrafts and other loans into one fixed monthly payment from 6.9% APR — with a clear end date.",from 6.9% APR,all,Debt Consolidation Loan,0,0,6.9,40000,2500,1,84,NexaBank,"One payment, one rate, one end date — take control of what you owe.","The Debt Consolidation Loan pays off your existing credit cards, overdrafts and personal loans and replaces them with a single fixed monthly repayment. You know exactly what you pay and when you will be debt-free. We settle the other lenders directly on your behalf, and the app shows your payoff progress month by month.",personal,na,One monthly payment,fixed,na,No arrangement fee · no early repayment penalty,Credit subject to status and affordability checks. Representative APR shown; your rate may vary.,"Will consolidating lower my total cost? => Usually, when the new rate is below what you pay on cards and overdrafts. The app shows the comparison before you accept. || Do you pay my other lenders? => Yes. We transfer the funds directly to them on drawdown so nothing is missed. || Can I add a balance later? => You can top up the loan once in the first year, subject to affordability.","Consolidate cards, overdrafts and loans into one repayment|Fixed rate and fixed monthly amount for the full term|Direct settlement of existing balances|Payoff tracker and reminders in the app|Optional payment holiday of one month per year","Aged 18 or over and EU resident|Minimum net monthly income of €1,500|Existing balances with regulated lenders|No active loan defaults","One fixed payment instead of several|We settle your other lenders directly|Clear payoff date from day one|Borrow €2,500 to €40,000|No early repayment penalty",all|young_professional,borrow|save,SVC-COACH-001|ACC-EVERY-001|SAV-INST-001,0,0,0,0,0,0,0,0,12,0,18,18000,4.5,231,48,2026-07-01T00:00:00
SAV-INST-001,GRP-SAV-INST,Instant Access Savings,https://banking-demo-five.vercel.app/products/savings/instant-access,0,true,https://banking-demo-five.vercel.app/images/products/instant-access.png,Savings|Instant Access|Instant Access Savings,savings|instant access|flexible|no notice|easy saver|emergency fund|rainy day|safe place for savings|easy access savings|daily interest,Earn interest from day one with no restrictions on withdrawals — interest accrues daily and is paid monthly.,3.5% AER,all,Savings Account,0,0,0,250000,0,1,0,NexaBank,Earn interest from day one with no restrictions on withdrawals.,"Instant Access Savings is the simplest way to start earning a competitive rate on cash you want to keep available. There's no minimum opening deposit, no notice period and no penalty for withdrawing — interest accrues daily and is paid monthly straight into your account.",personal,standard,No notice period,variable,instant,No fees · interest paid monthly,"Deposits protected up to €100,000 per depositor by the EU Deposit Guarantee Scheme.","Is the rate fixed? => No — 3.5% AER is variable and can move with market rates. We notify you in the app before any change. || How quickly can I withdraw? => Instantly, to your NexaBank current account, at any hour. || Is my money protected? => Yes, up to €100,000 per depositor under the EU Deposit Guarantee Scheme.","No minimum deposit to open the account|Withdraw anytime with no penalty|Interest accrues daily, paid monthly|Manage entirely from the NexaBank app|FSCS-equivalent protection up to €100,000",Aged 18 or over and EU resident|Active NexaBank current account|Valid government-issued ID|Tax residency declared at account opening,"No minimum deposit to open|Withdraw anytime, no penalty|Interest paid monthly|Manage entirely in the app|FSCS protected up to €100,000",all,save,SAV-NOT-001|SAV-ROUND-001|ACC-EVERY-001,0,3.5,0,0,0,0,0,0,0,0,18,0,4.7,8120,95,2022-01-10T00:00:00
SAV-NOT-001,GRP-SAV-NOT,Notice Account,https://banking-demo-five.vercel.app/products/savings/notice-account,0,true,https://banking-demo-five.vercel.app/images/products/notice-account.png,Savings|Notice Account|Notice Account,notice account|30 day|90 day|higher rate|structured savings|planned savings|better rate|medium term savings|house deposit savings,Commit to a 30 or 90-day notice period and earn a meaningfully higher rate on your savings.,4.1% AER,family,Savings Account,0,0,0,500000,1000,1,0,NexaBank,Commit to a short notice period and earn a higher rate on your savings.,The Notice Account rewards you for planning your withdrawals ahead. Choose between a 30 or 90-day notice period and earn a meaningfully higher rate than Instant Access. Ideal if you rarely need cash on short notice but want better returns than a standard savings account.,personal,standard,Higher rate,variable,notice,No fees · interest paid quarterly,"Deposits protected up to €100,000 per depositor by the EU Deposit Guarantee Scheme.","What happens if I need the money sooner? => You can request an early withdrawal; the interest for the notice period you skipped is deducted. || Which notice period pays 4.1%? => The 90-day option. The 30-day option pays 3.8% AER. || Can I add money at any time? => Yes, top-ups are unlimited up to the €500,000 balance cap.","Choice of 30 or 90-day notice period|Higher rate than Instant Access|No upper age limit|Interest paid quarterly|FSCS-equivalent protection up to €100,000","Aged 18 or over and EU resident|Minimum opening deposit of €1,000|Active NexaBank current account|Tax residency declared at account opening","Choice of 30 or 90-day notice period|Higher rate than instant access|No upper age limit|Interest paid quarterly|FSCS protected up to €100,000",family|pre_retirement,save|home,SAV-TERM-001|SAV-INST-001|LOAN-REAL-001,0,4.1,0,0,0,0,0,0,0,90,18,0,4.6,2310,72,2022-01-10T00:00:00
SAV-TERM-001,GRP-SAV-TERM,Term Deposit,https://banking-demo-five.vercel.app/products/savings/term-deposit,0,true,https://banking-demo-five.vercel.app/images/products/term-deposit.png,Savings|Term Deposit|Term Deposit,term deposit|fixed rate|bond|lock in|guaranteed return|fixed savings|no risk|certificate of deposit|12 month savings|24 month savings|safe return,"Lock in a guaranteed rate for 6, 12 or 24 months — no market risk on your capital during the term.",up to 4.8% AER,pre_retirement,Term Deposit,0,0,0,1000000,1000,1,24,NexaBank,"Lock in a guaranteed rate for 6, 12 or 24 months — no market risk.","A Term Deposit is the right choice when you have a known time horizon and want a guaranteed return. Lock in a fixed rate at the moment you open the account; your interest is paid at maturity and the rate is unaffected by market movements during the term. Choose 6, 12 or 24 months.",personal,standard,Guaranteed return,fixed,term,No fees · interest paid at maturity,"Deposits protected up to €100,000 per depositor by the EU Deposit Guarantee Scheme.","Which term pays 4.8%? => The 24-month term. 12 months pays 4.5% and 6 months pays 4.2% AER. || Can I break the deposit early? => Only in exceptional circumstances, and the interest earned is reduced. Choose a Notice Account if you may need access. || What happens at maturity? => Funds and interest return to your current account, or roll into a new term if you enabled auto-renewal.","Fixed rate locked in at the moment of opening|Choice of 6, 12 or 24-month term|Interest paid at maturity|Optional auto-renewal at the prevailing rate|FSCS-equivalent protection up to €100,000","Aged 18 or over and EU resident|Minimum opening deposit of €1,000|Active NexaBank current account|Tax residency declared at account opening","Fixed rate locked in at opening|Choose 6, 12 or 24-month term|Interest paid at maturity|Auto-renewal option available|FSCS protected up to €100,000",pre_retirement|family,save,SAV-NOT-001|INV-BOND-001|SAV-INST-001,0,4.8,0,0,0,0,0,0,6,0,18,0,4.7,1980,68,2022-01-10T00:00:00
SAV-REG-001,GRP-SAV-REG,Regulated Savings Account,https://banking-demo-five.vercel.app/products/savings/regulated-savings,0,true,https://banking-demo-five.vercel.app/images/products/regulated-savings.png,Savings|Regulated|Regulated Savings Account,regulated|tax free|government backed|secure|capital guaranteed|tax-free savings|livret|state guaranteed|safe savings|zero risk,"A government-backed regulated account with tax advantages and full capital protection up to €22,950.",3.0% AER,all,Savings Account,0,0,0,22950,10,1,0,NexaBank,A government-backed regulated account with tax advantages and full capital protection.,"Regulated Savings combines instant access with the tax efficiency of a government-backed scheme. Interest is exempt from income tax up to the regulatory cap, capital is fully protected, and the minimum opening deposit is just €10 — making it the most accessible tax-advantaged account in our range.",personal,standard,Tax advantages,variable,instant,No fees · interest tax-exempt,"Government-backed scheme; balance capped at €22,950 per holder. Deposits protected up to €100,000 per depositor by the EU Deposit Guarantee Scheme.","Why is the balance capped at €22,950? => The cap is set by the regulator for this tax-free scheme. Interest above the cap is not tax-exempt, so we stop deposits there. || Can I have one at another bank too? => No — one regulated account per person across all banks. || Is the interest really tax-free? => Yes, interest on this account is exempt from income tax and social charges.",Interest exempt from income tax (within regulatory limits)|Government-backed capital protection|Minimum opening deposit of just €10|No account management fees|Regulated by the national financial authority,"Aged 18 or over and resident in the eligible jurisdiction|Maximum balance capped at €22,950 per holder|Active NexaBank current account|Tax residency declared at account opening",Interest exempt from income tax|Government-backed capital protection|Minimum opening deposit of just €10|No account management fees|Regulated by national authority,all|student,save,SAV-INST-001|SAV-JUN-001|ACC-EVERY-001,0,3,0,0,0,0,0,0,0,0,18,0,4.8,4460,88,2022-01-10T00:00:00
SAV-PEN-001,GRP-SAV-PEN,Pension Savings Plan,https://banking-demo-five.vercel.app/products/savings/pension-savings,0,true,https://banking-demo-five.vercel.app/images/products/pension-savings.png,Savings|Pension|Pension Savings Plan,pension|retirement savings|long term|tax relief|employer contribution|retire|retirement plan|PER|pension pot|save for retirement|old age,Build your retirement pot with tax relief on contributions and a choice of growth or income fund.,from 3.5% AER,pre_retirement,Pension Plan,0,0,0,0,50,2,0,NexaBank,Build your retirement pot with tax relief and a range of low-cost funds.,"The Pension Savings Plan is a long-term wrapper for retirement. Contributions qualify for tax relief up to the annual limit, employer matching is supported, and you can consolidate existing pension pots from previous providers. Pick a growth fund or a steady income fund — switch any time inside the app.",personal,standard,Tax relief,variable,retirement,No entry fee · 0.5% annual management fee,"Funds are locked until retirement age except in cases permitted by law. Deposits protected up to €100,000 per depositor by the EU Deposit Guarantee Scheme.","When can I access the money? => From the legal retirement age, as a lump sum, an annuity or a mix. Early access is allowed for buying a first home. || How much tax relief do I get? => Contributions are deducted from taxable income up to the annual ceiling — for most people 10% of earnings. || Can I transfer an old pension in? => Yes. Start the transfer in the app and we handle the paperwork with your previous provider.",Tax relief on contributions up to annual limit|Choice of growth or income fund|Employer contribution matching supported|Consolidate pension pots from previous providers|Online pension tracker and projection tool in the app,Aged 18 or over and resident in the eligible jurisdiction|Active NexaBank current account|Minimum monthly contribution of €50|Tax residency declared at account opening,Tax relief on contributions up to annual limit|Choice of growth or income fund|Employer contribution matching available|Consolidate existing pension pots|Online pension tracker in the app,pre_retirement|young_professional,retire|save,INV-PEN-001|SVC-RETIRE-001|INV-BOND-001,0,3.5,0,0,0.5,0,0,0,0,0,18,0,4.5,1120,57,2022-06-01T00:00:00
SAV-JUN-001,GRP-SAV-JUN,Junior Savings Account,https://banking-demo-five.vercel.app/products/savings/junior-savings,0,true,https://banking-demo-five.vercel.app/images/products/junior-savings.png,Savings|Junior|Junior Savings Account,junior savings|kids savings|children savings account|save for my child|pocket money|birthday money|grandchild|under 18|education fund|child account,"A 4.0% AER savings account for children under 18, managed by a parent — gifts, pocket money and birthday cash grow tax-free.",4.0% AER,kids_teens,Savings Account,0,0,0,50000,10,1,0,NexaBank,Give your child a head start — savings that grow with them.,"The Junior Savings Account lets a parent or guardian save on behalf of a child under 18 at one of our best rates. Deposit gifts, pocket money and birthday cash from as little as €10; the child sees the balance and goals in NexaKids, but only the parent can withdraw. Interest is tax-free within the child's allowance and the account converts to an adult savings account at 18.",kids,standard,For under-18s,variable,instant,No fees · interest paid monthly,"Deposits protected up to €100,000 per depositor by the EU Deposit Guarantee Scheme.","Who can withdraw the money? => Only the parent or guardian who opened the account, until the child turns 18 and takes it over. || Can grandparents pay in? => Yes — share the gift link and anyone can contribute directly. || Is the interest taxed? => Interest is tax-free within the child's personal allowance.","Competitive 4.0% AER variable rate|Held in the child's name, managed by a parent or guardian|Family and friends can contribute with a gift link|Savings goals with progress the child can follow|Automatic conversion to Instant Access Savings at 18",Child aged 0 to 17|Parent or legal guardian holds an active NexaBank current account|Child's identity document provided at opening|One Junior Savings Account per child,4.0% AER — one of our best rates|Open in the child's name from €10|Parent controls deposits and withdrawals|Child sees savings goals in NexaKids|Converts to an adult account at 18,kids_teens|family,kids|save|family,ACC-KIDS-001|INV-JUN-001|ACC-JOINT-001,0,4,0,0,0,0,0,0,0,0,0,0,4.9,214,52,2026-08-01T00:00:00
SAV-ROUND-001,GRP-SAV-ROUND,Round-Up Savings Pots,https://banking-demo-five.vercel.app/products/savings/round-up-pots,0,true,https://banking-demo-five.vercel.app/images/products/round-up-pots.png,Savings|Goal Pots|Round-Up Savings Pots,round up|savings pots|save automatically|spare change|savings goal|holiday fund|save for a deposit|micro saving|budget|first savings,Goal-based savings pots that round up every card payment to the nearest euro and sweep the change into savings at 3.5% AER.,3.5% AER,young_professional,Savings Account,0,0,0,100000,0,1,0,NexaBank,Save without thinking — every purchase tops up your goals.,"Round-Up Savings Pots turn everyday spending into effortless saving. Every card payment is rounded up to the nearest euro and the difference lands in a pot of your choice — a holiday, a deposit, a new phone. Add a multiplier to round up 2× or 5×, set a target and a date, and earn 3.5% AER on everything in the pot. Withdraw instantly whenever you need it.",personal,standard,Saves automatically,variable,instant,No fees · interest paid monthly,"Deposits protected up to €100,000 per depositor by the EU Deposit Guarantee Scheme.","How much will I save? => The average customer saves €38 a month from round-ups alone, before any scheduled top-ups. || Can I pause round-ups? => Yes — pause or resume any time in the app, per pot or for all pots. || Does it work with my credit card? => Yes. Round-ups from NexaBank credit cards are taken from your current account.",Automatic round-ups on debit and credit card payments|Create pots for any goal with a target amount and date|Multiplier lets you round up 2× or 5× when you want to save faster|Scheduled top-ups on payday|3.5% AER variable interest on all pots,Aged 18 or over and EU resident|Active NexaBank current account with a NexaBank card|Valid government-issued ID|Tax residency declared at account opening,"Round up every card payment automatically|Unlimited named pots with targets|2× and 5× round-up multipliers|3.5% AER on every pot|Withdraw instantly, no penalty",young_professional|student,save|travel|spend,ACC-EVERY-001|SAV-INST-001|CARD-START-001,0,3.5,0,0,0,0,0,0,0,0,18,0,4.8,356,66,2026-08-01T00:00:00
INV-FUND-001,GRP-INV-FUND,Managed Funds,https://banking-demo-five.vercel.app/products/investments/managed-funds,0,true,https://banking-demo-five.vercel.app/images/products/managed-funds.png,Investments|Funds|Managed Funds,managed fund|active management|diversified|portfolio|professional|mutual fund|balanced fund|growth fund|invest for the long term|wealth building|fund manager,"Actively managed portfolios across equities, bonds and alternatives — built and rebalanced by our team.",5–8% p.a. target,family,Investment Fund,0,0,0,0,1000,5,0,NexaBank,"Actively managed portfolios across equities, bonds and alternatives.","Our Managed Funds are built and continuously rebalanced by our in-house investment team. Choose a risk profile from cautious to growth, and we diversify across asset classes, regions and currencies on your behalf. Monthly performance reports give you full transparency on holdings and trades.",personal,na,Actively managed,none,instant,0.85% annual fee · no exit fee after year one,Capital at risk. The value of investments can go down as well as up and you may get back less than you invest.,"What does the fund invest in? => Global equities, government and corporate bonds, and a small allocation to alternatives such as property and infrastructure. || What are the fees? => An all-in 0.85% a year. Exiting in the first year costs 1%; after that there are no exit fees. || Can I choose a cautious version? => Yes — three profiles (cautious, balanced, growth) with different equity weightings.",Diversified across asset classes and regions|Continuous rebalancing by our investment team|Choice of risk profile from cautious to growth|Detailed monthly performance reports|No exit fees after the first year,"Aged 18 or over and EU resident|Active NexaBank current account|Minimum investment of €1,000|Suitability questionnaire completed at onboarding",Diversified across asset classes and regions|Continuous rebalancing by our investment team|Choice of risk profile from cautious to growth|Detailed monthly performance reports|No exit fees after the first year,family|pre_retirement,invest,INV-ROBO-001|INV-BOND-001|SVC-COACH-001,0,0,5,8,0.85,0,0,0,36,0,18,0,4.5,1480,73,2022-04-01T00:00:00
INV-ETF-001,GRP-INV-ETF,ETFs,https://banking-demo-five.vercel.app/products/investments/etfs,0,true,https://banking-demo-five.vercel.app/images/products/etfs.png,Investments|ETFs|ETFs,ETF|index fund|passive|low cost|market tracker|diversified|S&P 500|world index|stocks|fractional shares|self-directed investing|DIY investing,Trade 500+ global ETFs at a flat €1 commission with fractional shares from €50.,Market-linked,young_professional,ETF,0,0,0,0,50,6,0,NexaBank,Trade hundreds of global ETFs at low cost — build your own portfolio.,"Take full control of your portfolio with access to over 500 ETFs across global markets. Flat €1 commission per trade, fractional shares from €50 and auto-invest schedules let you build a diversified portfolio at any budget. Real-time analytics inside the app show allocation, performance and dividends.",personal,na,Self-directed,none,instant,€1 per trade · no custody fee,Capital at risk. The value of investments can go down as well as up and you may get back less than you invest.,"What is an ETF? => An exchange-traded fund holds a basket of assets — for example the 500 largest US companies — and trades like a single share. || How much does it cost? => €1 per trade, and each ETF carries its own ongoing charge (typically 0.05–0.4%). NexaBank charges no custody fee. || Can I invest a fixed amount every month? => Yes — set an auto-invest schedule from €50 per month into any ETF.",Access to 500+ global ETFs|Flat €1 commission per trade|Fractional shares from €50|Auto-invest schedules in any ETF|Real-time portfolio analytics in the app,Aged 18 or over and EU resident|Active NexaBank current account|Minimum investment of €50|Suitability questionnaire completed at onboarding,Access to 500+ global ETFs|Flat €1 commission per trade|Fractional shares from €50|Auto-invest schedules in any ETF|Real-time portfolio analytics in the app,young_professional|crypto,invest,INV-ROBO-001|INV-ESG-001|SAV-ROUND-001,0,0,0,0,0,0,0,0,0,0,18,0,4.6,2760,81,2022-04-01T00:00:00
INV-ROBO-001,GRP-INV-ROBO,Robo-Advisory Portfolio,https://banking-demo-five.vercel.app/products/investments/robo-advisory,0,true,https://banking-demo-five.vercel.app/images/products/robo-advisory.png,Investments|Robo|Robo-Advisory Portfolio,robo advisor|automated|algorithm|smart investing|digital|beginner investing|start investing|hands-off|risk profile|goal based investing|first investment,Tell us your goal — we build a diversified portfolio and rebalance it for you at 0.45% a year.,4–7% p.a. target,young_professional,Robo-Advisory,0,0,0,0,500,4,0,NexaBank,Tell us your goal — we build the portfolio and rebalance it for you.,"The Robo-Advisory Portfolio is the easiest way to start investing. A 5-minute questionnaire matches you to a risk profile, and we invest your money in a globally diversified portfolio of low-cost funds. We rebalance every quarter and harvest tax losses where local rules allow, all for a single 0.45% annual fee.",personal,na,Hands-off,none,instant,0.45% annual fee · no entry or exit fees,Capital at risk. The value of investments can go down as well as up and you may get back less than you invest.,"How do you pick my portfolio? => Your answers on goals, horizon and risk tolerance map to one of ten model portfolios, from 20% to 100% equities. || Can I change my risk level later? => Yes, at any time in the app. We rebalance you into the new model at the next trading window. || Is 0.45% really all I pay? => That is NexaBank's fee. The underlying funds average a further 0.15% ongoing charge.","5-minute setup questionnaire|Low all-in fee of 0.45% per year|Automatic rebalancing every quarter|Tax-loss harvesting where available|Top up or withdraw at any time, no penalty",Aged 18 or over and EU resident|Active NexaBank current account|Minimum investment of €500|Suitability questionnaire completed at onboarding,"5-minute setup questionnaire|Low all-in fee of 0.45% per year|Automatic rebalancing every quarter|Tax-loss harvesting where available|Top up or withdraw at any time, no penalty",young_professional|family,invest|save,INV-ETF-001|INV-FUND-001|SVC-COACH-001,0,0,4,7,0.45,0,0,0,60,0,18,0,4.7,3340,86,2022-04-01T00:00:00
INV-PEN-001,GRP-INV-PEN,Investment Pension Plan,https://banking-demo-five.vercel.app/products/investments/investment-pension,0,true,https://banking-demo-five.vercel.app/images/products/investment-pension.png,Investments|Pension|Investment Pension Plan,investment pension|SIPP|retirement|long term growth|tax relief|pension fund|retire early|retirement income|glide path|PER|pension investing,A pension wrapper invested in our managed funds with tax relief on contributions up to the annual limit.,5–7% p.a. target,pre_retirement,Investment Pension,0,0,0,0,100,4,0,NexaBank,A pension wrapper invested in our managed funds with tax relief on contributions.,"The Investment Pension Plan combines the long-term growth of our Managed Funds with the tax efficiency of a pension wrapper. Contributions qualify for tax relief up to the annual limit, employer matching is supported, and a retirement income projection updates daily as markets move and you contribute.",personal,na,Tax relief,none,retirement,0.75% annual fee · no entry fee,Funds are locked until retirement age except in cases permitted by law. Capital at risk. The value of investments can go down as well as up and you may get back less than you invest.,"How is this different from the Pension Savings Plan? => This plan is invested in funds for higher long-term growth potential; the Pension Savings Plan earns a fixed rate with no market risk. || Does the risk reduce as I approach retirement? => Yes — a lifestyle glide path moves you from growth to income funds over the last ten years, unless you switch it off. || What does it cost? => 0.75% a year including fund charges. No entry or transfer-in fees.","Tax relief on contributions up to annual limit|Choice of growth, balanced or income fund|Employer contribution matching supported|Retirement income projection updated daily|Consolidate pension pots from previous providers",Aged 18 or over and resident in the eligible jurisdiction|Active NexaBank current account|Minimum monthly contribution of €100|Tax residency declared at account opening,"Tax relief on contributions up to annual limit|Choice of growth, balanced or income fund|Employer matching supported|Retirement income projection updated daily|Consolidate pension pots from previous providers",pre_retirement|young_professional,retire|invest,SAV-PEN-001|SVC-RETIRE-001|INV-FUND-001,0,0,5,7,0.75,0,0,0,0,0,18,0,4.6,890,60,2022-06-01T00:00:00
INV-BOND-001,GRP-INV-BOND,Bond Fund,https://banking-demo-five.vercel.app/products/investments/bond-fund,0,true,https://banking-demo-five.vercel.app/images/products/bond-fund.png,Investments|Bonds|Bond Fund,bond fund|bonds|fixed income|low risk investment|cautious investor|steady income|government bonds|corporate bonds|capital preservation|risk averse|conservative,A diversified fund of investment-grade government and corporate bonds targeting 3–5% a year with lower volatility than equities.,3–5% p.a. target,pre_retirement,Investment Fund,0,0,0,0,500,3,0,NexaBank,Income and stability — the calmer way to invest beyond savings.,"The Bond Fund holds a diversified portfolio of investment-grade government and corporate bonds across the eurozone and developed markets. It targets 3–5% a year with far less volatility than equity funds, making it a natural next step for savers who want more than a deposit rate without taking equity risk. Income is distributed quarterly or reinvested automatically.",personal,na,Lower volatility,none,instant,0.35% annual fee · no entry or exit fees,Capital at risk. The value of investments can go down as well as up and you may get back less than you invest.,"Is a bond fund safe? => Safer than equities but not guaranteed — bond prices fall when interest rates rise. It sits between a deposit and an equity fund on the risk scale. || How is the income paid? => Quarterly to your current account, or reinvested into the fund if you choose accumulation. || Who is it for? => Cautious investors, people nearing retirement, or anyone parking money for two to five years.","Diversified across 300+ eurozone and developed-market bonds|Investment-grade only — no high-yield or emerging-market debt|Choose quarterly income payments or accumulation|0.35% annual fee, no entry or exit fees|Daily pricing and same-day sell orders",Aged 18 or over and EU resident|Active NexaBank current account|Minimum investment of €500|Suitability questionnaire completed at onboarding,"Investment-grade government and corporate bonds|Quarterly income or automatic reinvestment|Low 0.35% annual fee|Lower volatility than equity funds|Sell any time, no exit fee",pre_retirement|family,invest|retire|save,SAV-TERM-001|INV-ROBO-001|INV-FUND-001,0,0,3,5,0.35,0,0,0,24,0,18,0,4.6,142,49,2026-07-15T00:00:00
INV-ESG-001,GRP-INV-ESG,Sustainable Portfolio,https://banking-demo-five.vercel.app/products/investments/sustainable-portfolio,0,true,https://banking-demo-five.vercel.app/images/products/sustainable-portfolio.png,Investments|Sustainable|Sustainable Portfolio,sustainable investing|ESG|ethical investing|green investing|impact|climate|socially responsible|no fossil fuels|responsible portfolio|values,"A globally diversified, ESG-screened portfolio that excludes fossil fuels, tobacco and weapons — targeting 5–8% a year from €250.",5–8% p.a. target,young_professional,Robo-Advisory,0,0,0,0,250,5,0,NexaBank,Grow your money without compromising your values.,"The Sustainable Portfolio invests in companies with strong environmental, social and governance scores and excludes fossil-fuel producers, tobacco, weapons and gambling. It is built from low-cost ESG index funds, diversified across regions and sectors, and rebalanced quarterly like our Robo-Advisory Portfolio. An impact report in the app shows the carbon intensity of your holdings versus the market.",personal,na,ESG screened,none,instant,0.6% annual fee · no entry or exit fees,Capital at risk. The value of investments can go down as well as up and you may get back less than you invest.,"Does sustainable mean lower returns? => Not necessarily — the portfolio targets the same 5–8% range as our growth strategies; sector weights simply differ. || How do you decide what to exclude? => Fixed exclusions (fossil fuels, tobacco, weapons, gambling) plus a minimum ESG rating from an independent provider. || Can I see the actual holdings? => Yes — every fund and its top holdings are listed in the app, updated monthly.","Strict exclusion screens plus best-in-class ESG selection|Built from low-cost ESG index funds across all regions|Automatic quarterly rebalancing|Personal impact report with carbon intensity vs. the market|0.6% all-in annual fee, no entry or exit fees",Aged 18 or over and EU resident|Active NexaBank current account|Minimum investment of €250|Suitability questionnaire completed at onboarding,"Excludes fossil fuels, tobacco, weapons and gambling|Globally diversified ESG index funds|Quarterly rebalancing|Impact report in the app|Start from €250",young_professional|family,invest,INV-ROBO-001|LOAN-GREEN-001|INV-ETF-001,0,0,5,8,0.6,0,0,0,60,0,18,0,4.7,268,63,2026-07-15T00:00:00
INV-JUN-001,GRP-INV-JUN,Junior Investment Plan,https://banking-demo-five.vercel.app/products/investments/junior-investment-plan,0,true,https://banking-demo-five.vercel.app/images/products/junior-investment-plan.png,Investments|Junior|Junior Investment Plan,junior investment|invest for my child|kids investment plan|children's future|grandchild|university fund|long term investing|gift for a child|under 18|start early,A long-term investment plan in a child's name from €25 a month — a diversified portfolio that becomes theirs at 18.,4–7% p.a. target,family,Robo-Advisory,0,0,0,0,25,4,0,NexaBank,Eighteen years is a long time to grow — start their future today.,"The Junior Investment Plan lets parents and grandparents invest for a child over the long horizon that makes markets work best. Contributions from €25 a month go into a globally diversified portfolio that de-risks automatically as the child approaches 18, when the plan transfers to them. Family and friends can gift into it, and the child follows the goal in NexaKids.",kids,na,For under-18s,none,term,0.5% annual fee · no entry fee,Locked until the child turns 18. Capital at risk. The value of investments can go down as well as up and you may get back less than you invest.,"Can the money be taken out before 18? => No — the plan is locked until the child turns 18, which is what allows the long-term growth. || What happens at 18? => The plan becomes the child's own investment account; they can keep investing, withdraw, or move to another product. || Is it risky? => It holds equities, so values move. Over an 18-year horizon that volatility has historically been rewarded, and the glide path reduces risk near the end.","Globally diversified portfolio of low-cost index funds|Automatic glide path from growth to cautious over the final five years|Contributions from parents, grandparents and friends via gift link|Goal tracking the child can follow in NexaKids|0.5% all-in annual fee, no entry fee",Child aged 0 to 17|Parent or legal guardian holds an active NexaBank current account|Minimum contribution of €25 per month|One Junior Investment Plan per child,From €25 a month|Diversified global portfolio|De-risks automatically before 18|Gift link for family and friends|Transfers to the child at 18,family|kids_teens,kids|invest|education,SAV-JUN-001|ACC-KIDS-001|INV-ROBO-001,0,0,4,7,0.5,0,0,0,0,0,0,0,4.8,97,41,2026-08-01T00:00:00
INS-LIFE-001,GRP-INS-LIFE,Life Insurance,https://banking-demo-five.vercel.app/products/insurance/life-insurance,96,true,https://banking-demo-five.vercel.app/images/products/life-insurance.png,Insurance|Life|Life Insurance,life insurance|protection|beneficiary|death benefit|family protection|mortgage protection|critical illness|life cover|protect my family|new baby|dependents,"A lump-sum payout to your beneficiaries from €50,000 to €1,000,000 of cover with premiums fixed for the term.",from €8/month,family,Life Insurance,96,0,0,1000000,50000,1,360,NexaBank,A lump-sum payout to your beneficiaries if the worst happens.,"Life Insurance from NexaBank is straightforward cover designed for people with families or dependents. Choose level cover (a fixed amount) or decreasing cover (designed to track a mortgage), with optional critical illness rider to pay out earlier on diagnosis of a major illness. Premiums are fixed for the full term.",personal,na,Family protection,none,na,from €8/month · premiums fixed for the term,"Cover subject to policy terms, exclusions and underwriting. Premiums shown are indicative.","How much cover do I need? => A common rule is 10× your annual income plus outstanding debts. Decreasing cover is designed to match a repayment mortgage. || Do I need a medical? => Not for cover up to €150,000 — a health questionnaire is enough. Above that we may ask for a GP report. || Who receives the payout? => The beneficiaries you name in the policy; you can change them at any time in the app.","Choice of level or decreasing cover|Optional critical illness rider|No medical exam for cover up to €150,000|Premiums fixed for the full term|Cover for one or two lives on a single policy",Aged 18 to 65 at policy start|EU resident|Health questionnaire completed at application|Active NexaBank current account,"Choice of level or decreasing cover|Optional critical illness rider|No medical exam for cover up to €150,000|Premiums fixed for the full term|Cover for one or two lives",family,protect|family,LOAN-REAL-001|INS-INC-001|ACC-JOINT-001,8,0,0,0,0,0,0,0,120,0,18,0,4.6,1090,62,2022-09-01T00:00:00
INS-HOME-001,GRP-INS-HOME,Home Insurance,https://banking-demo-five.vercel.app/products/insurance/home-insurance,144,true,https://banking-demo-five.vercel.app/images/products/home-insurance.png,Insurance|Home|Home Insurance,home insurance|buildings|contents|property|home cover|renters insurance|apartment insurance|house insurance|burglary|water damage|moving house,"Buildings cover up to €1M and contents up to €100,000 — for owners and renters, with 24/7 home assistance.",from €12/month,family,Home Insurance,144,0,0,1000000,0,1,12,NexaBank,"Buildings and contents cover for owners and renters, with flexible add-ons.","Home Insurance covers the structure of your home and everything inside it. Specify high-value items individually, add accidental damage cover for a few euros a month, and rely on 24/7 emergency assistance for plumbing, electrical or lock-out emergencies. Available to owners and renters.",personal,na,Owners & renters,none,na,from €12/month · 12-month renewable,"Cover subject to policy terms, exclusions and underwriting. Premiums shown are indicative.","Do renters need buildings cover? => No — renters choose contents-only cover; the landlord insures the building. || Are bicycles and laptops covered outside the home? => Yes, with the personal possessions add-on, up to €3,000 per item. || How fast are claims paid? => Most contents claims are settled within five working days of receiving the documents.","Buildings cover up to €1M|Contents cover up to €100,000|Optional accidental damage cover|Specified valuables add-on for high-value items|24/7 emergency home assistance included",Aged 18 or over and EU resident|Property located within the EU|Active NexaBank current account|Property not used commercially,"Buildings cover up to €1M|Contents cover up to €100,000|Optional accidental damage cover|Specified valuables add-on|24/7 emergency home assistance",family|young_professional,protect|home,LOAN-REAL-001|LOAN-RENO-001|INS-LIFE-001,12,0,0,0,0,0,0,0,0,0,18,0,4.5,1540,67,2022-09-01T00:00:00
INS-TRAV-001,GRP-INS-TRAV,Travel Insurance,https://banking-demo-five.vercel.app/products/insurance/travel-insurance,48,true,https://banking-demo-five.vercel.app/images/products/travel-insurance.png,Insurance|Travel|Travel Insurance,travel insurance|holiday|trip|medical|cancellation|luggage|abroad|ski insurance|winter sports|annual multi-trip|backpacking|flight delay,Single-trip or annual multi-trip cover with worldwide medical up to €10M and an optional winter sports add-on.,from €4/trip,young_professional,Travel Insurance,48,0,0,10000000,0,1,12,NexaBank,"Single-trip or annual multi-trip cover, including winter sports.","Travel Insurance covers medical emergencies abroad, cancellation, curtailment, lost or delayed baggage, and personal liability. Add winter sports cover for the season, or upgrade to an annual multi-trip policy if you travel more than twice a year. Already free with the NexaNomad credit card.",personal,na,Worldwide,none,na,from €4/trip · annual multi-trip from €48/year,"Cover subject to policy terms, exclusions and underwriting. Premiums shown are indicative.","Single trip or annual? => Annual multi-trip cover from €48 a year pays for itself if you travel three or more times. || Is it included with NexaNomad? => Yes — NexaNomad cardholders get annual multi-trip cover at no cost when the trip is paid with the card. || Does it cover cancelled flights? => Cancellation and curtailment are covered for insured reasons such as illness, and delays over 12 hours.",Worldwide medical cover up to €10M|Cancellation and curtailment cover|Lost or delayed baggage protection|Optional winter sports add-on|Free with the NexaNomad credit card,Aged 18 to 75 at trip start|EU resident|Trip starts and ends in the country of residence|Pre-existing medical conditions declared,Worldwide medical cover up to €10M|Cancellation and curtailment cover|Lost or delayed baggage protection|Optional winter sports cover|Free with NexaNomad credit card,young_professional|family,travel|protect,CARD-NOM-001|SVC-FX-001|INS-CAR-001,0,0,0,0,0,0,0,0,0,0,18,0,4.4,2230,74,2022-09-01T00:00:00
INS-INC-001,GRP-INS-INC,Income Protection,https://banking-demo-five.vercel.app/products/insurance/income-protection,180,true,https://banking-demo-five.vercel.app/images/products/income-protection.png,Insurance|Income|Income Protection,income protection|disability|sick pay|salary protection|long term|self-employed|freelancer|can't work|illness cover|loss of income|accident,Tax-free monthly payouts replacing up to 70% of your pre-tax income if illness or injury stops you working.,from €15/month,all,Income Protection,180,0,0,0,0,1,0,NexaBank,Replaces a portion of your income if illness or injury prevents you from working.,"Income Protection pays a tax-free monthly benefit if you cannot work due to illness or injury. Cover up to 70% of your pre-tax income, choose a deferred period from 4 to 52 weeks, and add inflation-linking so your benefit keeps pace with rising costs. Particularly valuable for the self-employed.",personal,na,Self-employed friendly,none,na,from €15/month · benefit tax-free,"Cover subject to policy terms, exclusions and underwriting. Premiums shown are indicative.","What is the deferred period? => The time between stopping work and the first payout — 4 to 52 weeks. A longer deferred period lowers the premium. || Does it cover stress or mental health? => Yes — any illness or injury that stops you working, confirmed by a doctor, including mental health conditions. || How long are payouts made for? => Until you return to work, reach the policy end age or the benefit term ends, whichever comes first.",Tax-free monthly payouts|Cover up to 70% of pre-tax income|Available to employed and self-employed|Choice of deferred periods from 4 to 52 weeks|Optional inflation-linking on benefit amount,Aged 18 to 60 at policy start|EU resident|In active employment or self-employment|Health questionnaire completed at application,Tax-free monthly payouts|Cover up to 70% of pre-tax income|Available to employed and self-employed|Choice of deferred periods from 4 to 52 weeks|Optional inflation-linking on benefit amount,all|business,protect,INS-LIFE-001|BIZ-ACC-001|SAV-INST-001,15,0,0,0,0,0,0,0,0,0,18,0,4.5,620,45,2023-02-01T00:00:00
INS-CAR-001,GRP-INS-CAR,Car Insurance,https://banking-demo-five.vercel.app/products/insurance/car-insurance,216,true,https://banking-demo-five.vercel.app/images/products/car-insurance.png,Insurance|Car|Car Insurance,car insurance|motor insurance|auto insurance|comprehensive|electric car insurance|courtesy car|third party|new driver|vehicle cover|windscreen,"Comprehensive car insurance from €18 a month with a 5-minute quote, EV battery cover and a courtesy car as standard.",from €18/month,young_professional,Car Insurance,216,0,0,100000,0,1,12,NexaBank,"Comprehensive cover, a five-minute quote, and a courtesy car when you need one.","Car Insurance from NexaBank is comprehensive by default: accidental damage, fire, theft, third-party liability and windscreen repair, with a courtesy car while yours is off the road. Electric vehicles get battery and charging-cable cover as standard. Get a quote in five minutes in the app, and if you financed the car with us, your policy renews alongside the loan.",personal,na,Instant quote,none,na,from €18/month · 5% discount for annual payment,"Cover subject to policy terms, exclusions and underwriting. Premiums shown are indicative.","Do you insure electric cars? => Yes — battery, charging cable and home charger cover are included at no extra cost. || Can I pay monthly? => Yes, at no extra cost. Annual payment gets a 5% discount. || What if I financed the car with NexaBank? => Your policy is linked to the loan and can renew automatically until the finance ends.","Comprehensive cover: damage, fire, theft and third-party liability|Courtesy car for the duration of repairs|Electric-vehicle battery and charging-cable cover included|Windscreen repair with no excess|Optional protected no-claims bonus and legal cover",Aged 21 or over and EU resident|Full driving licence held for at least one year|Vehicle registered in the EU|Active NexaBank current account,Comprehensive cover as standard|Courtesy car while yours is repaired|EV battery and charging-cable cover|Windscreen repair with no excess|Quote in five minutes in the app,young_professional|family,protect|spend,LOAN-VEH-001|INS-HOME-001|ACC-EVERY-001,18,0,0,0,0,0,0,0,0,0,21,0,4.5,173,56,2026-07-15T00:00:00
INS-PET-001,GRP-INS-PET,Pet Insurance,https://banking-demo-five.vercel.app/products/insurance/pet-insurance,108,true,https://banking-demo-five.vercel.app/images/products/pet-insurance.png,Insurance|Pet|Pet Insurance,pet insurance|dog insurance|cat insurance|vet fees|puppy|kitten|lifetime cover|animal health|vet bills|new pet,"Lifetime pet insurance from €9 a month covering vet fees up to €8,000 a year for cats and dogs, with direct payment to the vet.",from €9/month,family,Pet Insurance,108,0,0,8000,0,1,12,NexaBank,Because they're family too — lifetime vet-fee cover from €9 a month.,"Pet Insurance covers vet fees for illness and injury up to €8,000 a year, renewing for life so long-term conditions stay covered. We pay the vet directly at over 2,000 partner practices, include a 24/7 video-vet line, and cover dental illness, physiotherapy and third-party liability for dogs. Multi-pet households get 10% off each additional pet.",personal,na,Lifetime cover,none,na,from €9/month · 10% multi-pet discount,"Cover subject to policy terms, exclusions and underwriting. Premiums shown are indicative.","Are pre-existing conditions covered? => No — conditions your pet showed signs of before the policy start are excluded, as with all pet insurance. || Do I have to pay the vet first? => Not at partner practices — we settle directly. Elsewhere, upload the invoice and we reimburse within five days. || Does the premium rise as my pet ages? => Premiums increase gradually with age; we show the projected premium for the next three years at purchase.","Illness and injury vet fees up to €8,000 per year|Lifetime cover — conditions stay covered at renewal|Direct payment to 2,000+ partner practices|Dental illness, physiotherapy and hydrotherapy included|Third-party liability for dogs up to €1M",Cat or dog aged 8 weeks to 8 years at policy start|Pet microchipped and vaccinated|Owner aged 18 or over and EU resident|Active NexaBank current account,"Vet fees up to €8,000 a year|Lifetime cover for ongoing conditions|We pay partner vets directly|24/7 video-vet line|10% off each additional pet",family,protect|family,INS-HOME-001|ACC-JOINT-001|CASH-CARD-001,9,0,0,0,0,0,0,0,0,0,18,0,4.7,129,43,2026-07-15T00:00:00
CRYPTO-BTC-001,GRP-CRYPTO-BTC,Bitcoin,https://banking-demo-five.vercel.app/products/crypto/bitcoin,0,true,https://banking-demo-five.vercel.app/images/products/bitcoin.png,Crypto|Bitcoin|Bitcoin,bitcoin|BTC|cryptocurrency|digital asset|store of value|buy bitcoin|crypto|blockchain|digital gold|auto-buy|cold storage,"Buy, sell and hold BTC directly from your NexaBank account with insured cold-storage custody.",0.7% spread,young_professional,Cryptocurrency,0,0,0,250000,10,9,0,NexaBank,"Buy, sell and hold BTC directly from your NexaBank account.","Bitcoin (BTC) is the original digital asset and the largest by market capitalisation. NexaBank gives you regulated, insured access to BTC with no hidden custody fee — keep your coins in our cold-storage vault, set up an auto-buy schedule, or withdraw to an external wallet whenever you want.",personal,na,Most traded,none,instant,0.7% spread · no custody fee,Crypto assets are highly volatile and unregulated in some jurisdictions. You may lose all your capital.,"Do I own the actual bitcoin? => Yes — coins are held in segregated cold storage in your name, and you can withdraw them to your own wallet. || What does it cost? => A 0.7% spread on each buy or sell. No custody fee, no monthly fee. || Is it safe? => Custody is insured and offline, but the price of bitcoin itself is highly volatile — only invest what you can afford to lose.","Buy from €10 in one tap|Insured cold-storage custody|Auto-buy schedules (daily, weekly, monthly)|Real-time price alerts and watchlist|Withdraw to an external wallet anytime",Aged 18 or over and EU resident|Active NexaBank current account|Crypto risk acknowledgement signed at onboarding|Tax residency declared at account opening,Buy from €10 in one tap|Insured cold-storage custody|Auto-buy schedules (daily/weekly/monthly)|Real-time price alerts|Withdraw to an external wallet anytime,young_professional|crypto,invest,CRYPTO-ETH-001|CRYPTO-PORT-001|INV-ETF-001,0,0,0,0,0,0.7,0,0,0,0,18,0,4.5,4010,83,2023-05-01T00:00:00
CRYPTO-ETH-001,GRP-CRYPTO-ETH,Ethereum,https://banking-demo-five.vercel.app/products/crypto/ethereum,0,true,https://banking-demo-five.vercel.app/images/products/ethereum.png,Crypto|Ethereum|Ethereum,ethereum|ETH|smart contracts|DeFi|altcoin|buy ethereum|crypto|staking|web3|digital asset,Trade ETH and earn staking rewards inside your NexaBank account with insured cold-storage custody.,0.8% spread,young_professional,Cryptocurrency,0,0,0,250000,10,9,0,NexaBank,Trade ETH and earn staking rewards inside your NexaBank account.,"Ethereum (ETH) is the second-largest digital asset and powers a wide range of decentralised applications. NexaBank gives you the same regulated, insured access as Bitcoin, with the added option to opt your ETH balance into staking and earn rewards paid weekly in ETH.",personal,na,Staking eligible,none,instant,0.8% spread · no custody fee,Crypto assets are highly volatile and unregulated in some jurisdictions. You may lose all your capital.,How do I earn staking rewards? => Opt your ETH balance into Crypto Staking in one tap; rewards are paid weekly in ETH. || What does it cost? => A 0.8% spread on each buy or sell. No custody fee. || Can I send ETH to my own wallet? => Yes — withdrawals to external wallets are supported after a 24-hour security hold on new addresses.,"Buy from €10 in one tap|Earn staking rewards on ETH balances|Insured cold-storage custody|Auto-buy schedules (daily, weekly, monthly)|Withdraw to an external wallet anytime",Aged 18 or over and EU resident|Active NexaBank current account|Crypto risk acknowledgement signed at onboarding|Tax residency declared at account opening,Buy from €10 in one tap|Earn staking rewards on ETH balances|Insured cold-storage custody|Auto-buy schedules (daily/weekly/monthly)|Withdraw to an external wallet anytime,young_professional|crypto,invest,CRYPTO-STAK-001|CRYPTO-BTC-001|CRYPTO-PORT-001,0,0,0,0,0,0.8,0,0,0,0,18,0,4.4,2640,71,2023-05-01T00:00:00
CRYPTO-PORT-001,GRP-CRYPTO-PORT,Crypto Portfolio,https://banking-demo-five.vercel.app/products/crypto/crypto-portfolio,0,true,https://banking-demo-five.vercel.app/images/products/crypto-portfolio.png,Crypto|Portfolio|Crypto Portfolio,crypto basket|diversified crypto|altcoins|portfolio|managed crypto|top 10 crypto|crypto index|easy crypto|rebalanced|beginner crypto,"A pre-built basket of the top 10 cryptocurrencies, rebalanced monthly with an all-in 1% annual fee.",1.0% spread,young_professional,Crypto Portfolio,0,0,0,250000,50,8,0,NexaBank,"A pre-built basket of major cryptocurrencies, rebalanced monthly.","Crypto Portfolio gives you diversified exposure to the top 10 cryptocurrencies by market cap in a single product. Our partner rebalances the basket every month, so you don't need to manage individual coins. A 1% all-in annual fee covers custody, rebalancing and execution.",personal,na,Diversified,none,instant,1.0% spread · 1% annual fee,Crypto assets are highly volatile and unregulated in some jurisdictions. You may lose all your capital.,"Which coins are in the basket? => The ten largest by market capitalisation, weighted by size and capped at 30% per coin, reviewed monthly. || What are the fees? => A 1.0% spread when you buy or sell, plus a 1% all-in annual fee that covers custody and rebalancing. || Is this less risky than a single coin? => Diversification reduces single-coin risk, but the basket remains highly volatile — it is still a crypto investment.",Pre-built basket of 10 major cryptocurrencies|Monthly rebalancing handled by our partner|All-in 1% annual management fee|Shows as a single line in your portfolio view|No need to research or manage individual coins,Aged 18 or over and EU resident|Active NexaBank current account|Minimum investment of €50|Crypto risk acknowledgement signed at onboarding,Pre-built basket of 10 major cryptos|Monthly rebalancing by our partner|All-in 1% annual management fee|Single line in your portfolio view|No need to manage individual coins,young_professional|crypto,invest,CRYPTO-BTC-001|INV-ROBO-001|CRYPTO-STAK-001,0,0,0,0,1,1,0,0,0,0,18,0,4.3,980,52,2023-09-01T00:00:00
CRYPTO-STAK-001,GRP-CRYPTO-STAK,Crypto Staking,https://banking-demo-five.vercel.app/products/crypto/crypto-staking,0,true,https://banking-demo-five.vercel.app/images/products/crypto-staking.png,Crypto|Staking|Crypto Staking,staking|yield|passive income|crypto rewards|earn crypto|ETH staking|SOL|ADA|APY|proof of stake,"Earn passive rewards by locking ETH, SOL, ADA and other eligible assets — paid weekly in the staked asset.",Up to 8% APY,young_professional,Crypto Staking,0,0,0,100000,100,9,0,NexaBank,Earn passive rewards by locking eligible crypto assets.,"Crypto Staking lets you put eligible holdings to work. Lock ETH, SOL, ADA and a growing list of other assets to earn rewards paid weekly in the same asset. Unstake any time, subject to the cooldown period for that asset. Projected yields are shown in the app before you commit.",personal,na,Passive yield,none,notice,10% of rewards · no lock-in fee,Crypto assets are highly volatile and unregulated in some jurisdictions. You may lose all your capital.,How much can I earn? => Up to 8% APY depending on the asset and network conditions; the app shows the current rate before you stake. || How long does unstaking take? => Between 1 and 7 days depending on the network's cooldown period. || Is staking taxed? => Rewards are generally taxable as income when received; the app produces an annual statement for your return.,"Earn rewards on ETH, SOL, ADA and more|Rewards paid weekly in the staked asset|Unstake any time (cooldown periods apply)|Projected yield shown in the app before committing|Validators handled by our regulated partner",Aged 18 or over and EU resident|Active NexaBank current account|Minimum stake of €100 per asset|Crypto risk acknowledgement signed at onboarding,"Earn rewards on ETH, SOL, ADA and more|Rewards paid weekly in the staked asset|Unstake any time (cooldown periods apply)|View projected yield in the app|No third-party validators — handled by our partner",young_professional|crypto,invest,CRYPTO-ETH-001|CRYPTO-BTC-001|CRYPTO-PORT-001,0,8,0,0,0,0,0,0,0,7,18,0,4.3,730,47,2023-09-01T00:00:00
CASH-CARD-001,GRP-CASH-CARD,Cashback Credit Card,https://banking-demo-five.vercel.app/products/cashback/cashback-card,59,true,https://banking-demo-five.vercel.app/images/products/cashback-card.png,Cashback|Cashback Card|Cashback Credit Card,cashback|rewards|earn back|everyday spending|groceries|fuel|cashback credit card|supermarket|petrol|subscriptions|money back|family spending,"Elevated cashback — 3% on groceries and fuel, 1.5% on subscriptions and 1% on everything else.",up to 3% cashback,all,Cashback Card,59,3,19.9,15000,0,1,0,NexaBank,"Elevated cashback on groceries, fuel and online subscriptions.","The Cashback Credit Card is a dedicated rewards card focused on the categories where people spend most. Earn 3% back on groceries and fuel, 1.5% on online subscriptions, and 1% on everything else. Cashback is credited as a statement credit at the end of each billing cycle — no points, no portals, no fuss.",personal,essential,Flagship,variable,na,€59 annual fee · 2% FX markup · 19.9% APR,Credit subject to status. Cashback rates and partner offers may change.,"Is there a cap on cashback? => Yes — €150 per month across all categories, which corresponds to roughly €5,000 of monthly spend. || How is cashback paid? => As a credit on your statement at the end of each billing cycle — nothing to redeem. || Does it pay for itself? => At €400 a month on groceries and fuel the 3% rate alone earns €144 a year, more than twice the €59 fee.","3% cashback on groceries and fuel|1.5% cashback on online subscriptions (Netflix, Spotify, etc.)|1% cashback on everything else|Cashback credited as statement credit each month|Apple Pay and Google Pay supported","Aged 18 or over and EU resident|Minimum net monthly income of €2,500|Active NexaBank current account|Good credit history (no recent defaults)",3% cashback on groceries and fuel|1.5% cashback on online subscriptions|1% cashback on everything else|Cashback credited as statement credit monthly|Apple Pay and Google Pay supported,all|family,spend|save,CASH-REW-001|ACC-JOINT-001|CARD-ESS-001,0,0,0,0,0,0,2,150,0,0,18,30000,4.6,2980,79,2023-03-01T00:00:00
CASH-REW-001,GRP-CASH-REW,Cashback Rewards Programme,https://banking-demo-five.vercel.app/products/cashback/rewards-programme,0,true,https://banking-demo-five.vercel.app/images/products/rewards-programme.png,Cashback|Rewards|Cashback Rewards Programme,rewards|loyalty|cashback programme|points|partner offers|deals|discounts|shopping rewards|free to join|brand offers,Stackable cashback at 300+ partner brands — free for all NexaBank customers and credited within 48 hours.,Free to join,all,Rewards Programme,0,10,0,0,0,1,0,NexaBank,Stackable cashback at 300+ partner brands — free for all NexaBank customers.,"The Cashback Rewards Programme is a free loyalty layer that runs on top of whatever NexaBank card you carry. Activate an offer in the app before you shop, and you'll earn an extra 2–10% cashback at over 300 partner brands across travel, retail, dining and lifestyle. Rewards stack on top of any cashback your card already earns.",personal,free,Partner brands,none,na,Free · no minimum spend,Cashback rates and partner offers may change. Check the app for current rates before purchase.,"Which brands are partners? => 300+ across travel, fashion, dining, electronics and groceries — the full list is in the app and updates weekly. || Do I need to do anything before shopping? => Tap 'Activate' on the offer in the app, then pay with any NexaBank card. || Is there really no fee? => None. Partners fund the cashback; NexaBank customers join for free.","Earn 2–10% extra cashback at 300+ partner brands|Stacks on top of your card cashback|Activate offers in one tap in the NexaBank app|Rewards credited within 48 hours of purchase|Free for every NexaBank customer — no fee, no minimum",Active NexaBank current account|Aged 18 or over and EU resident|Marketing communications opt-in for partner alerts|Eligible NexaBank card used for the qualifying purchase,Earn 2–10% extra at 300+ partner brands|Stacks on top of card cashback|Activate offers in one tap in the app|Rewards credited within 48 hours of purchase|Free for all NexaBank customers,all,spend|save,CASH-CARD-001|CARD-START-001|ACC-EVERY-001,0,0,0,0,0,0,0,0,0,0,18,0,4.7,5540,90,2023-03-01T00:00:00
BIZ-ACC-001,GRP-BIZ-ACC,Business Current Account,https://banking-demo-five.vercel.app/products/business/business-current-account,108,true,https://banking-demo-five.vercel.app/images/products/business-current-account.png,Business|Business Account|Business Current Account,business account|business bank account|sole trader|freelancer|limited company|SME banking|invoicing|expense cards|accounting integration|VAT|startup bank account|company account,"A business current account for sole traders and companies at €9 a month — invoicing, expense cards for your team and accounting integrations included.",€9/month,business,Business Account,108,0,0,0,0,1,0,NexaBank,"Everything a growing business needs from its bank, in one account.","The Business Current Account is built for sole traders, freelancers and companies up to 50 people. Open in a day with your registration documents, issue expense cards to your team with per-person limits, send branded invoices and get paid by card or transfer, and sync every transaction to Xero, QuickBooks or Sage. VAT is set aside automatically into a separate pot so the quarterly bill never surprises you.",business,standard,First 3 months free,none,instant,€9/month after 3 free months · free SEPA payments · 0.4% FX,"Deposits protected up to €100,000 per depositor by the EU Deposit Guarantee Scheme.","Is there a free period? => Yes — the first three months are free, then €9 a month with no per-transaction fees on SEPA payments. || Can my accountant access the account? => Yes — invite them with read-only or preparer access at no extra cost. || How many cards can I issue? => As many as you need. Each card has its own limit, category blocks and receipt capture.","Multi-user access with roles and approval flows|Unlimited team debit cards with per-card limits and receipts capture|Invoicing, payment links and automatic reconciliation|Two-way sync with Xero, QuickBooks and Sage|Automatic VAT and tax set-aside pots","Registered sole trader, partnership or limited company in the EU|Directors and owners aged 18 or over with valid ID|Company registration and proof of trading address|Businesses in eligible sectors (no gambling, adult or crypto exchange)","Open in one working day|Team expense cards with individual limits|Branded invoicing with card payment links|Accounting sync with Xero, QuickBooks and Sage|Automatic VAT set-aside pot",business,business_growth|spend,BIZ-POS-001|BIZ-SAV-001|BIZ-FX-001,9,0,0,0,0,0,0.4,0,0,0,18,0,4.6,1040,69,2026-07-01T00:00:00
BIZ-LOAN-001,GRP-BIZ-LOAN,Business Growth Loan,https://banking-demo-five.vercel.app/products/business/business-growth-loan,0,true,https://banking-demo-five.vercel.app/images/products/business-growth-loan.png,Business|Business Loan|Business Growth Loan,business loan|growth loan|SME loan|unsecured business finance|working capital|equipment finance|expansion|hire staff|cash flow|startup loan|commercial loan,"Unsecured business loans from €10,000 to €500,000 over up to 7 years from 6.5% APR, with a decision in 48 hours for existing customers.",from 6.5% APR,business,Business Loan,0,0,6.5,500000,10000,1,84,NexaBank,"Capital for the next step — equipment, people, premises or stock.","The Business Growth Loan funds investment in your business without tying up personal assets. Borrow €10,000 to €500,000 unsecured over one to seven years at a fixed rate, with a decision in 48 hours for businesses banking with us and a dedicated business lending manager for larger amounts. Repayment holidays of up to three months are available for seasonal businesses.",business,na,Decision in 48h,fixed,na,1% arrangement fee · no early repayment penalty,"Business credit subject to status, trading history and affordability checks. Representative APR shown.","Do I need to provide security? => Not below €100,000. Above that we may ask for a director's guarantee depending on trading history. || How fast can I get the funds? => 48 hours to decision and funds the next working day for existing customers; around a week for new customers. || Can I repay early? => Yes, in part or in full, with no penalty.","Unsecured lending — no personal guarantee below €100,000|Fixed APR from 6.5% over 12 to 84 months|Decision within 48 hours with open-banking data|Seasonal repayment holidays of up to three months a year|Dedicated business lending manager above €100,000","Trading for at least 12 months|Annual turnover of €50,000 or more|Registered in the EU with an active Business Current Account|No unsatisfied court judgements","€10,000 to €500,000 unsecured|Fixed rate, fixed monthly repayment|Decision in 48 hours for existing customers|Up to 3 months' repayment holiday|No early repayment penalty",business,business_growth|borrow,BIZ-ACC-001|BIZ-SAV-001|INS-INC-001,0,0,0,0,0,0,0,0,12,0,18,50000,4.5,287,50,2026-07-01T00:00:00
BIZ-SAV-001,GRP-BIZ-SAV,Business Savings Account,https://banking-demo-five.vercel.app/products/business/business-savings-account,0,true,https://banking-demo-five.vercel.app/images/products/business-savings-account.png,Business|Business Savings|Business Savings Account,business savings|company savings account|cash reserves|corporate treasury|tax set aside|surplus cash|notice account for business|retained profit|business interest,"A 3.2% AER 35-day notice savings account for company cash reserves, tax set-asides and surplus funds up to €2M.",3.2% AER,business,Business Savings,0,0,0,2000000,1000,1,0,NexaBank,Put idle cash to work without locking it away.,"The Business Savings Account earns 3.2% AER on money your business does not need this month — tax set-asides, reserves, retained profit. Give 35 days' notice to withdraw, move money from your Business Current Account in one tap, and give your accountant read access. Balances up to €2M are accepted and interest is paid monthly.",business,standard,35-day notice,variable,notice,No fees · interest paid monthly,"Deposits protected up to €100,000 per depositor by the EU Deposit Guarantee Scheme.","Why 35 days' notice? => It lets us pay a higher rate than instant access while keeping the money available inside one tax cycle. || Is business cash protected? => Yes — eligible business deposits are protected up to €100,000 under the Deposit Guarantee Scheme. || Can the sweep run automatically? => Yes — set a threshold on your current account and anything above it moves to savings each night.","3.2% AER variable rate, interest paid monthly|35-day notice withdrawals with no penalty|Automatic sweep of surplus balances above a threshold you set|Separate pots for VAT, corporation tax and reserves|Read access for your accountant","Active NexaBank Business Current Account|Registered sole trader, partnership or limited company in the EU|Minimum opening deposit of €1,000|Authorised signatories verified","3.2% AER, paid monthly|35 days' notice, no minimum term|Balances up to €2M|One-tap transfers from your business account|No fees",business,save|business_growth,BIZ-ACC-001|BIZ-LOAN-001|SAV-TERM-001,0,3.2,0,0,0,0,0,0,0,35,18,0,4.7,198,46,2026-07-01T00:00:00
BIZ-POS-001,GRP-BIZ-POS,Card Terminals & Online Payments,https://banking-demo-five.vercel.app/products/business/card-terminals-online-payments,0,true,https://banking-demo-five.vercel.app/images/products/card-terminals-online-payments.png,Business|Payments|Card Terminals & Online Payments,card terminal|POS|accept card payments|merchant services|online payments|payment links|tap to phone|checkout|contactless payments|shop payments|restaurant payments,Accept card payments in store and online at a flat 1.2% per transaction with next-day settlement into your Business Current Account.,1.2% per transaction,business,Merchant Services,0,0,0,0,0,1,0,NexaBank,"Get paid in store, online and on the go — one flat rate, settled next day.","Card Terminals & Online Payments lets your business accept every major card and wallet: a countertop or portable terminal, tap-to-phone on any Android device, and a hosted online checkout or payment links. Everything costs a flat 1.2% per transaction with no monthly fee, and funds settle into your Business Current Account the next working day with automatic reconciliation.",business,na,Next-day settlement,none,na,1.2% per transaction · no monthly fee,Merchant services subject to acceptable-use policy and sector eligibility.,"Are there any hidden fees? => No — 1.2% per transaction covers everything. Terminals are free on a 12-month plan or €149 to buy outright. || When do I receive the money? => The next working day, into your Business Current Account, with each payout itemised. || Can I take payments without a terminal? => Yes — tap-to-phone turns an Android phone into a terminal, and payment links work for remote sales.","Countertop and portable terminals from €0 upfront|Tap-to-phone acceptance on Android devices|Hosted checkout, payment links and invoice payments|Flat 1.2% pricing including all card types and wallets|Next-working-day settlement with itemised reconciliation",Active NexaBank Business Current Account|Registered business in the EU in an eligible sector|Physical or online point of sale|Authorised signatory verified,"Flat 1.2% per transaction, no monthly fee|Next-working-day settlement|Terminals, tap-to-phone and online checkout|Apple Pay, Google Pay and all major cards|Automatic reconciliation in your account",business,business_growth|spend,BIZ-ACC-001|BIZ-FX-001|BIZ-SAV-001,0,0,0,0,0,1.2,0,0,0,0,18,0,4.6,356,53,2026-07-15T00:00:00
BIZ-FX-001,GRP-BIZ-FX,International Payments & FX,https://banking-demo-five.vercel.app/products/business/international-payments-fx,0,true,https://banking-demo-five.vercel.app/images/products/international-payments-fx.png,Business|International|International Payments & FX,international payments|business FX|foreign exchange|multi-currency account|pay suppliers abroad|USD account|GBP account|forward contract|import export|cross-border payments|SWIFT,"Pay suppliers and receive payments in 30+ currencies at a 0.4% FX markup, with local account details in EUR, USD and GBP.",0.4% FX markup,business,FX Service,0,0,0,0,0,1,0,NexaBank,Trade across borders without paying bank rates for the privilege.,"International Payments & FX gives your business local account details in EUR, USD and GBP, so customers abroad pay you like a local, and lets you pay suppliers in 30+ currencies at the mid-market rate plus 0.4%. Hold balances in multiple currencies, set rate alerts, and lock a rate in advance with forward contracts for larger invoices.",business,na,0.4% FX markup,none,na,0.4% FX markup · no transfer or receiving fees,Forward contracts subject to eligibility and margin requirements.,"How does 0.4% compare? => Traditional banks typically charge 2–3% on the exchange rate plus a transfer fee; we charge 0.4% and no transfer fee. || Can I get paid in dollars without a US bank? => Yes — your account comes with US local details so American customers pay you domestically. || What is a forward contract? => An agreement to exchange at today's rate on a future date, so a large invoice cannot be hit by a rate move.","Multi-currency balances with local receiving details in EUR, USD and GBP|Payments in 30+ currencies at mid-market plus 0.4%|Forward contracts to lock a rate for up to 12 months|Rate alerts and scheduled conversions|Batch supplier payments from a single upload",Active NexaBank Business Current Account|Registered business in the EU|Enhanced due diligence completed for forward contracts|Authorised signatory verified,"0.4% over the mid-market rate|Local account details in EUR, USD and GBP|Hold and pay in 30+ currencies|Rate alerts and forward contracts|No receiving fees",business,business_growth|spend,BIZ-ACC-001|BIZ-POS-001|SVC-FX-001,0,0,0,0,0,0,0.4,0,0,0,18,0,4.7,221,42,2026-07-15T00:00:00
PB-REL-001,GRP-PB-REL,Dedicated Relationship Manager,https://banking-demo-five.vercel.app/products/private-banking/relationship-manager,0,true,https://banking-demo-five.vercel.app/images/products/relationship-manager.png,Private Banking|Relationship|Dedicated Relationship Manager,private banking|relationship manager|dedicated|personalised|high net worth|wealth|private banker|personal banker|concierge banking|affluent|portfolio review,"A single named point of contact for every financial need — direct phone, email and in-person access.",By appointment,pre_retirement,Private Banking,0,0,0,0,500000,1,0,NexaBank,A single named point of contact for every financial need.,"Your Dedicated Relationship Manager is your single point of contact across the entire NexaBank platform — from day-to-day banking to investments, credit and beyond. Reach them directly by phone, email or in person, with a quarterly review of your portfolio, goals and the wider market.",private,private,Always available,none,na,Tiered 0.4–0.8% of assets per year,Eligibility subject to discovery meeting and source-of-wealth verification.,"What does the tiered fee cover? => Between 0.4% and 0.8% of assets under management a year, decreasing as assets grow — it covers advice, execution and reporting. || Can I meet my manager in person? => Yes, at any NexaBank private office or at your home or workplace by arrangement. || What if my manager changes? => We guarantee a personal handover meeting and continuity of your full history and preferences.","Single named relationship manager|Direct phone, email and in-person access|Quarterly portfolio and goals review|Coordination across all your NexaBank services|Annual relationship summary and outlook","Minimum €500,000 in assets across NexaBank|Aged 18 or over and EU resident|Active NexaBank current account|Reference and source-of-wealth checks completed","Single named relationship manager|Direct phone, email and in-person access|Quarterly portfolio and goals review|Coordination across all your NexaBank services|Annual relationship summary and outlook",pre_retirement|hnw,invest|retire,PB-WLTH-001|CARD-PRES-001|INV-FUND-001,0,0,0,0,0.8,0,0,0,0,0,18,0,4.9,312,44,2023-11-01T00:00:00
PB-WLTH-001,GRP-PB-WLTH,Wealth Planning,https://banking-demo-five.vercel.app/products/private-banking/wealth-planning,0,true,https://banking-demo-five.vercel.app/images/products/wealth-planning.png,Private Banking|Wealth|Wealth Planning,wealth management|financial planning|legacy|patrimony|family office|inheritance|succession planning|philanthropy|estate planning|cross-border tax|trust,"Long-term planning across succession, philanthropy and cross-border tax — coordinated by our specialists.",By appointment,pre_retirement,Wealth Planning,0,0,0,0,2000000,3,0,NexaBank,"Long-term planning across succession, philanthropy and cross-border tax.","Wealth Planning addresses the questions that go beyond portfolio returns: how to pass wealth to the next generation, structure a family foundation, optimise tax across multiple jurisdictions, and align finances with personal values. Our in-house specialists work alongside your existing lawyers and accountants.",private,private,Multi-generational,none,na,Bespoke fixed annual fee,Eligibility subject to discovery meeting and source-of-wealth verification.,"How is a bespoke fee set? => After the discovery meeting we scope the mandate and quote a fixed annual fee based on complexity, not assets. || Do you replace my lawyer or accountant? => No — we coordinate with them and bring specialist expertise on structuring, tax and philanthropy. || Can you help with a family business? => Yes — succession, governance and liquidity planning for family-owned businesses are core to the service.",Succession and inheritance planning|Cross-border tax optimisation|Philanthropy and family foundation structures|Coordination with external lawyers and accountants|Annual strategy review with senior partners,"Minimum €2,000,000 in assets across NexaBank|Existing Dedicated Relationship Manager|Reference and source-of-wealth checks completed|Engagement scoped via initial discovery meeting",Succession and inheritance planning|Cross-border tax optimisation|Philanthropy and family foundation structures|Coordination with external lawyers and accountants|Annual strategy review with senior partners,pre_retirement|hnw,retire|family|invest,PB-REL-001|PB-CRED-001|SVC-RETIRE-001,0,0,0,0,0,0,0,0,0,0,18,0,4.9,96,31,2023-11-01T00:00:00
PB-CRED-001,GRP-PB-CRED,Exclusive Credit Line,https://banking-demo-five.vercel.app/products/private-banking/credit-line,0,true,https://banking-demo-five.vercel.app/images/products/credit-line.png,Private Banking|Credit|Exclusive Credit Line,private credit|lombard|credit line|collateral|bespoke|revolving credit|portfolio lending|liquidity|large loan|asset-backed|multi-currency,"Unsecured or asset-backed credit lines up to €10M — priced on relationship, with same-day extension decisions.",Bespoke pricing,pre_retirement,Private Credit,0,0,2.5,10000000,1000000,3,0,NexaBank,"Unsecured or asset-backed credit up to €10M, priced on relationship.","The Exclusive Credit Line gives Private Banking clients access to credit facilities that don't fit a standard underwriting box. Unsecured or backed by your investment portfolio, real estate or other assets, with pricing reflecting the full relationship rather than a published rate card. Drawdowns can be made in any major currency.",private,private,Up to €10M,variable,na,Negotiated · from 2.5% APR,Eligibility subject to discovery meeting and source-of-wealth verification.,"What can secure the facility? => An investment portfolio held with NexaBank (Lombard lending), real estate, or other verifiable assets — or nothing, for unsecured lines. || How is the rate set? => Negotiated from 2.5% APR depending on collateral, currency and the overall relationship. || Can I draw in US dollars? => Yes — drawdowns are available in EUR, USD, GBP, CHF and JPY.",Credit lines up to €10M|Unsecured or asset-backed structures|Pricing based on the full client relationship|Drawdown in any major currency|Same-day decision on extension requests,"Minimum €1,000,000 in assets across NexaBank|Existing Dedicated Relationship Manager|Source-of-wealth and credit checks completed|Facility scoped via individual underwriting",Credit lines up to €10M|Unsecured or asset-backed structures|Pricing based on full client relationship|Drawdown in any major currency|Same-day decision on extension requests,pre_retirement|hnw,borrow|invest,PB-REL-001|PB-WLTH-001|LOAN-REAL-001,0,0,0,0,0,0,0,0,0,0,18,0,4.8,58,28,2023-11-01T00:00:00
SVC-COACH-001,GRP-SVC-COACH,Financial Coaching Session,https://banking-demo-five.vercel.app/products/services/financial-coaching,0,true,https://banking-demo-five.vercel.app/images/products/financial-coaching.png,Services|Coaching|Financial Coaching Session,financial coaching|money coach|budgeting help|debt advice|financial planning|savings plan|money management|get out of debt|financial wellbeing|free advice,"A free 45-minute video session with a NexaBank money coach to review your budget, debts and savings and leave with a written plan.",Free,all,Advisory Service,0,0,0,0,0,1,0,NexaBank,A clear plan for your money in 45 minutes — on us.,"The Financial Coaching Session pairs you with a NexaBank money coach for a 45-minute video call. Using your real account data (with your permission), the coach reviews spending, debts and savings, helps you set two or three realistic goals, and sends a written plan afterwards. It is free for customers, with an optional follow-up session after three months to check progress.",personal,na,Free for customers,none,na,Free · optional follow-up included,Sessions provide general guidance and are not personal financial advice unless stated in writing.,Is this financial advice? => It is coaching on budgeting and habits. Product recommendations are general guidance unless a regulated adviser confirms them in writing. || Do I have to share my accounts? => Sharing is optional but makes the session far more useful; access is revoked automatically afterwards. || How do I book? => In the app under Support → Money coaching. Most slots are available within a week.,"Review of spending, debts and savings using your real data|Two or three prioritised goals with concrete next steps|Written summary and plan within 24 hours|Follow-up session after three months|Available in English, French, Dutch, German and Spanish",Aged 18 or over|Active NexaBank current account|Consent to share account data with the coach for the session|One session per customer every six months,45-minute video session|Written plan sent afterwards|Evening and weekend slots|Optional 3-month follow-up|Free for NexaBank customers,all|young_professional,save|borrow|spend,LOAN-CONS-001|SAV-ROUND-001|INV-ROBO-001,0,0,0,0,0,0,0,0,0,0,18,0,4.9,540,59,2026-07-01T00:00:00
SVC-RETIRE-001,GRP-SVC-RETIRE,Retirement Planning Consultation,https://banking-demo-five.vercel.app/products/services/retirement-planning,0,true,https://banking-demo-five.vercel.app/images/products/retirement-planning.png,Services|Retirement|Retirement Planning Consultation,retirement planning|pension advice|retirement income|pension projection|retire early|pension consolidation|how much do I need to retire|pension gap|state pension|retirement adviser,A free 60-minute consultation with a qualified retirement adviser to project your pension income and close the gap before you stop working.,Free,pre_retirement,Advisory Service,0,0,0,0,0,1,0,NexaBank,"Know your number, then close the gap — with a qualified retirement adviser.","The Retirement Planning Consultation is a 60-minute session with a qualified adviser who consolidates your pensions, savings and expected state entitlement into one projection of income at retirement. You leave knowing the gap between what you will have and what you want, with a concrete contribution and product plan to close it. Free for customers; a regulated advice report is available for €149.",personal,na,Free for customers,none,na,Free · regulated advice report €149,Sessions provide general guidance and are not personal financial advice unless stated in writing.,"Is the session regulated advice? => The consultation is guidance. If you want personal regulated advice, the adviser prepares a formal report for €149. || I'm in my thirties — is it too early? => The earlier the better: a small increase in contributions now has the biggest effect on income at 65. || Can you consolidate my old pensions? => The adviser reviews them; transfers can be started in the app afterwards if they are in your interest.","Single projection combining pensions, savings and state entitlement|Scenario modelling — retire earlier, contribute more, take less risk|Review of old pensions and whether to transfer them|Written summary of recommended contributions and products|Optional regulated advice report for €149",Aged 18 or over|Active NexaBank current account|Pension statements or provider details to hand|One consultation per customer per year,60-minute session with a qualified adviser|Projection of your income at retirement|Consolidation review of old pensions|Contribution plan to close the gap|Free for NexaBank customers,pre_retirement,retire|invest,SAV-PEN-001|INV-PEN-001|INV-BOND-001,0,0,0,0,0,0,0,0,0,0,18,0,4.9,312,51,2026-07-01T00:00:00
SVC-MORT-001,GRP-SVC-MORT,Mortgage Advice Appointment,https://banking-demo-five.vercel.app/products/services/mortgage-advice,0,true,https://banking-demo-five.vercel.app/images/products/mortgage-advice.png,Services|Mortgage|Mortgage Advice Appointment,mortgage advice|mortgage advisor|how much can I borrow|first-time buyer|agreement in principle|buying a house|remortgage|home buying help|affordability|property purchase,"A free appointment with a mortgage advisor to find out how much you can borrow, compare fixed and variable options and get an agreement in principle.",Free,family,Advisory Service,0,0,0,0,0,1,0,NexaBank,From 'can we afford it?' to an agreement in principle in one appointment.,"The Mortgage Advice Appointment is a free session with a NexaBank mortgage advisor, on video or in a branch. The advisor checks affordability from your income and outgoings, compares fixed and variable Real Estate Loan options, explains the costs beyond the loan — notary, tax, insurance — and issues an agreement in principle you can show estate agents. First-time buyers get a step-by-step guide to the whole purchase.",personal,na,Agreement in principle,none,na,Free · no obligation,Sessions provide general guidance and are not personal financial advice unless stated in writing.,"What is an agreement in principle? => A written indication of how much we would lend you, valid for 90 days, that estate agents accept as proof you are a serious buyer. || Do I need to have found a property? => No — most people book before they start viewing, to know their budget. || Is the appointment free even if I borrow elsewhere? => Yes. There is no fee and no obligation.","Affordability assessment and maximum borrowing figure|Comparison of fixed and variable Real Estate Loan options|Full cost breakdown including notary fees, taxes and insurance|Same-day agreement in principle valid for 90 days|Dedicated advisor through to completion if you proceed",Aged 18 or over and EU resident|Buying or remortgaging a property in the EU|Proof of income available for the appointment|No obligation to proceed,"Affordability check on your real numbers|Fixed vs. variable comparison|Agreement in principle the same day|First-time buyer walkthrough|Free, no obligation",family|young_professional,home|borrow,LOAN-REAL-001|INS-HOME-001|INS-LIFE-001,0,0,0,0,0,0,0,0,0,0,18,0,4.8,428,57,2026-07-01T00:00:00
SVC-FX-001,GRP-SVC-FX,Currency Exchange & Travel Money,https://banking-demo-five.vercel.app/products/services/currency-exchange,0,true,https://banking-demo-five.vercel.app/images/products/currency-exchange.png,Services|Currency|Currency Exchange & Travel Money,currency exchange|travel money|foreign currency|exchange rate|holiday money|dollars|pounds|currency wallet|no FX fees|money abroad|cash for travel,"Exchange 30+ currencies in the app at the mid-market rate with 0% markup on weekdays, hold them in currency wallets and spend with your card abroad.",0% markup on weekdays,young_professional,FX Service,0,0,0,0,0,1,0,NexaBank,"The real exchange rate, in your pocket, before you even leave.","Currency Exchange & Travel Money lets you convert euros into 30+ currencies inside the app at the mid-market rate with 0% markup Monday to Friday (0.5% at weekends, when markets are closed). Hold the money in currency wallets, spend it directly with your NexaBank card abroad, set alerts for the rate you want, and order cash for collection at partner locations. Everything you exchange is visible in one place with the rate you got.",personal,na,0% markup on weekdays,none,instant,"0% markup weekdays · 0.5% weekends and above €10,000/month",Exchange rates are live and can move between quote and execution.,"Why is the weekend rate different? => Currency markets close at weekends; a 0.5% markup covers the rate movement until Monday. || Is there a limit? => €10,000 per month at 0% markup; above that a 0.5% markup applies. || Can I get physical cash? => Yes — order in the app and collect at a partner location within 24 hours.",Exchange at the mid-market rate with 0% markup Monday to Friday|Hold 30+ currencies in wallets alongside your euro balance|Card payments abroad draw from the matching wallet automatically|Rate alerts and scheduled exchanges|Cash ordering for collection within 24 hours,"Aged 18 or over|Active NexaBank current account|Valid government-issued ID|Fair-use limit of €10,000 per month at 0% markup","Mid-market rate, 0% markup on weekdays|30+ currencies in wallets|Spend wallets directly with your card|Rate alerts|Cash collection at partner locations",young_professional|family,travel|spend,CARD-NOM-001|INS-TRAV-001|ACC-EVERY-001,0,0,0,0,0,0,0,0,0,0,18,0,4.7,1860,71,2026-07-15T00:00:00
